{
	"textures": {
		"1": "block/crafting_table_top",
		"2": "block/crafting_table_front",
		"3": "block/crafting_table_side",
		"layer0": "item/skills_util_mobile_craft_unlocked",
		"particle": "block/crafting_table_top"
	},
	"elements": [
		{
			"from": [-1, -3, 6.5],
			"to": [17, 15, 7.5],
			"rotation": {"angle": 45, "axis": "x", "origin": [8, -2, 7]},
			"faces": {
				"north": {"uv": [0, 0, 16, 16], "texture": "#layer0"},
				"east": {"uv": [0, 0, 1, 16], "texture": "#layer0"},
				"south": {"uv": [0, 0, 16, 16], "texture": "#layer0"},
				"west": {"uv": [0, 0, 1, 16], "texture": "#layer0"},
				"up": {"uv": [0, 0, 16, 1], "texture": "#layer0"},
				"down": {"uv": [0, 0, 16, 1], "texture": "#layer0"}
			}
		},
		{
			"from": [5, 3, 5],
			"to": [13, 11, 13],
			"rotation": {"angle": 45, "axis": "y", "origin": [8, 8, 10]},
			"faces": {
				"north": {"uv": [0, 0, 16, 16], "texture": "#2"},
				"east": {"uv": [0, 0, 16, 16], "texture": "#3"},
				"south": {"uv": [0, 0, 16, 16], "texture": "#2"},
				"west": {"uv": [0, 0, 16, 16], "texture": "#3"},
				"up": {"uv": [0, 0, 16, 16], "rotation": 90, "texture": "#1"},
				"down": {"uv": [0, 0, 16, 16], "rotation": 270, "texture": "#1"}
			}
		}
	],
	"gui_light": "front",
	"display": {
		"gui": {
			"rotation": [44, 180, 0]
		}
	}
}