{
	"credit": "Made with Blockbench",
	"textures": {
		"0": "item/skills_util_mobile_craft_unlocked",
		"4": "entity/chest/ender"
	},
	"elements": [
		{
			"from": [5, -1, 13.5],
			"to": [23, 17, 15],
			"rotation": {"angle": 45, "axis": "y", "origin": [14, 0, 14]},
			"faces": {
				"north": {"uv": [0, 0, 16, 16], "texture": "#0"},
				"east": {"uv": [0, 0, 1, 16], "texture": "#0"},
				"south": {"uv": [0, 0, 16, 16], "texture": "#0"},
				"west": {"uv": [0, 0, 1, 16], "texture": "#0"},
				"up": {"uv": [0, 0, 16, 1], "texture": "#0"},
				"down": {"uv": [0, 0, 16, 1], "texture": "#0"}
			}
		},
		{
			"from": [5, 3, 5],
			"to": [13, 9, 13],
			"rotation": {"angle": 0, "axis": "z", "origin": [8, 8, 10]},
			"faces": {
				"north": {"uv": [10.5, 8.25, 14, 10.75], "texture": "#4"},
				"east": {"uv": [0, 8.25, 3.5, 10.75], "texture": "#4"},
				"south": {"uv": [7, 8.25, 10.5, 10.75], "texture": "#4"},
				"west": {"uv": [3.5, 8.25, 7, 10.75], "texture": "#4"},
				"up": {"uv": [3.5, 4.75, 7, 8.25], "rotation": 90, "texture": "#4"},
				"down": {"uv": [7, 4.75, 10.5, 8.25], "rotation": 270, "texture": "#4"}
			}
		},
		{
			"from": [5, 9, 5],
			"to": [13, 11, 13],
			"rotation": {"angle": 22.5, "axis": "x", "origin": [8, 9, 13]},
			"faces": {
				"north": {"uv": [10.5, 3.5, 14, 4.75], "texture": "#4"},
				"east": {"uv": [0, 3.5, 3.5, 4.75], "texture": "#4"},
				"south": {"uv": [7, 3.5, 10.5, 4.75], "texture": "#4"},
				"west": {"uv": [3.5, 3.5, 7, 4.75], "texture": "#4"},
				"up": {"uv": [7, 0, 10.5, 3.5], "rotation": 90, "texture": "#4"},
				"down": {"uv": [3.5, 0, 7, 3.5], "rotation": 270, "texture": "#4"}
			}
		},
		{
			"from": [8.5, 8, 4.5],
			"to": [9.5, 10, 5],
			"rotation": {"angle": 22.5, "axis": "x", "origin": [8, 9, 13]},
			"faces": {
				"north": {"uv": [0.25, 1.25, 0.75, 0.25], "texture": "#4"},
				"east": {"uv": [0, 1.25, 0.25, 0.25], "texture": "#4"},
				"south": {"uv": [0.75, 1.25, 1.25, 0.25], "texture": "#4"},
				"west": {"uv": [1.25, 1.25, 1.5, 0.25], "texture": "#4"},
				"up": {"uv": [0.25, 0, 0.75, 0.25], "texture": "#4"},
				"down": {"uv": [0.75, 0.25, 1.25, 0.5], "texture": "#4"}
			}
		}
	],
	"gui_light": "front",
	"display": {
		"gui": {
			"rotation": [0, 135, 0],
			"translation": [0, 0, 2]
		}
	}
}