{
	"textures": {
		"#0": "item/overlayblocker"
	},
	"elements": [
		{
			"from": [-16, -16, 16],
			"to": [32, 32, 16],
			"faces": {
				"north": {"uv": [0, 0, 16, 16], "texture": "##0"},
				"east": {"uv": [0, 0, 2, 16], "texture": "##0"},
				"south": {"uv": [0, 0, 16, 16], "texture": "##0"},
				"west": {"uv": [14, 0, 16, 16], "texture": "##0"},
				"up": {"uv": [0, 0, 16, 2], "texture": "##0"},
				"down": {"uv": [0, 14, 16, 16], "texture": "##0"}
			}
		}
	],
	"gui_light": "front",
	"display": {
		"gui": {
			"translation": [-18, 80, 0],
			"scale": [3.99, 3.99, 3.99]
		}
	}
}