{
	"parent": "item/generated",
	"textures": {
		"layer0": "item/paper"
	},
	"overrides": [
		{"predicate": {"custom_model_data":1}, "model": "item/drugs/bong"},
		{"predicate": {"custom_model_data":2}, "model": "item/drugs/weed"},
		{"predicate": {"custom_model_data":3}, "model": "item/drugs/coce"},
		{"predicate": {"custom_model_data":4}, "model": "item/drugs/gasoline"},
		{"predicate": {"custom_model_data":5}, "model": "item/drugs/coceleaves"},
		{"predicate": {"custom_model_data":6}, "model": "item/drugs/smoke"},
		{"predicate": {"custom_model_data":7}, "model": "item/drugs/soul"},
		{"predicate": {"custom_model_data":8}, "model": "item/drugs/powder"},
		{"predicate": {"custom_model_data":9}, "model": "item/bosses/wardenheart"},
		{"predicate": {"custom_model_data":10}, "model":"item/bosses/moltenheart"}
	]
}