{
	"parent": "item/generated",
	"textures": {
		"layer0": "item/turtle_scute"
	},
	"overrides": [
		{"predicate": {"custom_model_data":1}, "model": "item/gray"},
		{"predicate": {"custom_model_data":2}, "model": "item/air"},
		{"predicate": {"custom_model_data":3}, "model": "item/zero"},
		{"predicate": {"custom_model_data":4}, "model": "item/one"},
		
		{"predicate": {"custom_model_data":9}, "model": "item/overlayblocker"},
		
		
		{"predicate": {"custom_model_data":20}, "model": "item/music/note"},
		{"predicate": {"custom_model_data":21}, "model": "item/music/piano"},
		{"predicate": {"custom_model_data":22}, "model": "item/music/bassGuitar"},
		{"predicate": {"custom_model_data":23}, "model": "item/music/bassDrum"},
		{"predicate": {"custom_model_data":24}, "model": "item/music/snareDrum"},
		{"predicate": {"custom_model_data":25}, "model": "item/music/sticks"},
		{"predicate": {"custom_model_data":26}, "model": "item/music/bell"},
		{"predicate": {"custom_model_data":27}, "model": "item/music/flute"},
		{"predicate": {"custom_model_data":28}, "model": "item/music/chimes"},
		{"predicate": {"custom_model_data":29}, "model": "item/music/guitar"},
		{"predicate": {"custom_model_data":30}, "model": "item/music/xylophone"},
		{"predicate": {"custom_model_data":31}, "model": "item/music/ironXylophone"},
		{"predicate": {"custom_model_data":32}, "model": "item/music/cowBell"},
		{"predicate": {"custom_model_data":33}, "model": "item/music/digeridoo"},
		{"predicate": {"custom_model_data":34}, "model": "item/music/bit"},
		{"predicate": {"custom_model_data":35}, "model": "item/music/banjo"},
		{"predicate": {"custom_model_data":36}, "model": "item/music/ping"},
		{"predicate": {"custom_model_data":37}, "model": "item/music/noteOFF"},
		
		{"predicate": {"custom_model_data":40}, "model": "item/level/level0"},
		{"predicate": {"custom_model_data":41}, "model": "item/level/level1"},
		{"predicate": {"custom_model_data":42}, "model": "item/level/level2"},
		{"predicate": {"custom_model_data":43}, "model": "item/level/level3"},
		{"predicate": {"custom_model_data":44}, "model": "item/level/level4"},
		{"predicate": {"custom_model_data":45}, "model": "item/level/level5"},
		{"predicate": {"custom_model_data":46}, "model": "item/level/level6"},
		{"predicate": {"custom_model_data":47}, "model": "item/level/level7"},
		{"predicate": {"custom_model_data":48}, "model": "item/level/level8"},
		{"predicate": {"custom_model_data":49}, "model": "item/level/level9"},
		{"predicate": {"custom_model_data":50}, "model": "item/level/level10"},
		{"predicate": {"custom_model_data":51}, "model": "item/level/level11"},
		
		{"predicate": {"custom_model_data":52}, "model": "item/buttons/down"},
		{"predicate": {"custom_model_data":53}, "model": "item/buttons/up"},
		{"predicate": {"custom_model_data":54}, "model": "item/buttons/right"},
		{"predicate": {"custom_model_data":55}, "model": "item/buttons/left"},
		{"predicate": {"custom_model_data":56}, "model": "item/buttons/a"},
		{"predicate": {"custom_model_data":57}, "model": "item/buttons/b"},
		
		
		{"predicate": {"custom_model_data":58}, "model": "item/buttons/page_up_1"},
		{"predicate": {"custom_model_data":59}, "model": "item/buttons/page_down_1"},
		{"predicate": {"custom_model_data":60}, "model": "item/buttons/page_up_2"},
		{"predicate": {"custom_model_data":61}, "model": "item/buttons/page_down_2"},
		{"predicate": {"custom_model_data":62}, "model": "item/buttons/page_up_3"},
		{"predicate": {"custom_model_data":63}, "model": "item/buttons/page_down_3"},
		
		{"predicate": {"custom_model_data":64}, "model": "item/buttons/page_prev_1"},
		{"predicate": {"custom_model_data":65}, "model": "item/buttons/page_next_1"},
		{"predicate": {"custom_model_data":66}, "model": "item/buttons/page_prev_2"},
		{"predicate": {"custom_model_data":67}, "model": "item/buttons/page_next_2"},
		{"predicate": {"custom_model_data":68}, "model": "item/buttons/page_prev_3"},
		{"predicate": {"custom_model_data":69}, "model": "item/buttons/page_next_3"},
		
		{"predicate": {"custom_model_data":90}, "model": "item/selection/skills"},
		{"predicate": {"custom_model_data":91}, "model": "item/selection/backpack"},
		{"predicate": {"custom_model_data":92}, "model": "item/selection/shop"},
		{"predicate": {"custom_model_data":93}, "model": "item/selection/warps"},
		
		{"predicate": {"custom_model_data":109}, "model": "item/connectors/blocker"},
		{"predicate": {"custom_model_data":110}, "model": "item/connectors/down"},
		{"predicate": {"custom_model_data":111}, "model": "item/connectors/left"},
		{"predicate": {"custom_model_data":112}, "model": "item/connectors/right"},
		{"predicate": {"custom_model_data":113}, "model": "item/connectors/up"},
		{"predicate": {"custom_model_data":114}, "model": "item/connectors/down_left"},
		{"predicate": {"custom_model_data":115}, "model": "item/connectors/down_right"},
		{"predicate": {"custom_model_data":116}, "model": "item/connectors/down_left_right"},
		{"predicate": {"custom_model_data":117}, "model": "item/connectors/down_up"},
		{"predicate": {"custom_model_data":118}, "model": "item/connectors/down_left_up"},
		{"predicate": {"custom_model_data":119}, "model": "item/connectors/down_right_up"},
		{"predicate": {"custom_model_data":120}, "model": "item/connectors/down_left_right_up"},
		{"predicate": {"custom_model_data":121}, "model": "item/connectors/left_right"},
		{"predicate": {"custom_model_data":122}, "model": "item/connectors/left_up"},
		{"predicate": {"custom_model_data":123}, "model": "item/connectors/right_up"},
		{"predicate": {"custom_model_data":124}, "model": "item/connectors/left_right_up"},
		
		{"predicate": {"custom_model_data":125}, "model": "item/connectors/gray/down"},
		{"predicate": {"custom_model_data":126}, "model": "item/connectors/gray/left"},
		{"predicate": {"custom_model_data":127}, "model": "item/connectors/gray/right"},
		{"predicate": {"custom_model_data":128}, "model": "item/connectors/gray/up"},
		{"predicate": {"custom_model_data":129}, "model": "item/connectors/gray/down_left"},
		{"predicate": {"custom_model_data":130}, "model": "item/connectors/gray/down_right"},
		{"predicate": {"custom_model_data":131}, "model": "item/connectors/gray/down_left_right"},
		{"predicate": {"custom_model_data":132}, "model": "item/connectors/gray/down_up"},
		{"predicate": {"custom_model_data":133}, "model": "item/connectors/gray/down_left_up"},
		{"predicate": {"custom_model_data":134}, "model": "item/connectors/gray/down_right_up"},
		{"predicate": {"custom_model_data":135}, "model": "item/connectors/gray/down_left_right_up"},
		{"predicate": {"custom_model_data":136}, "model": "item/connectors/gray/left_right"},
		{"predicate": {"custom_model_data":137}, "model": "item/connectors/gray/left_up"},
		{"predicate": {"custom_model_data":138}, "model": "item/connectors/gray/right_up"},
		{"predicate": {"custom_model_data":139}, "model": "item/connectors/gray/left_right_up"},
		
		{"predicate": {"custom_model_data":140}, "model": "item/connectors/red/down"},
		{"predicate": {"custom_model_data":141}, "model": "item/connectors/red/left"},
		{"predicate": {"custom_model_data":142}, "model": "item/connectors/red/right"},
		{"predicate": {"custom_model_data":143}, "model": "item/connectors/red/up"},
		{"predicate": {"custom_model_data":144}, "model": "item/connectors/red/down_left"},
		{"predicate": {"custom_model_data":145}, "model": "item/connectors/red/down_right"},
		{"predicate": {"custom_model_data":146}, "model": "item/connectors/red/down_left_right"},
		{"predicate": {"custom_model_data":147}, "model": "item/connectors/red/down_up"},
		{"predicate": {"custom_model_data":148}, "model": "item/connectors/red/down_left_up"},
		{"predicate": {"custom_model_data":149}, "model": "item/connectors/red/down_right_up"},
		{"predicate": {"custom_model_data":150}, "model": "item/connectors/red/down_left_right_up"},
		{"predicate": {"custom_model_data":151}, "model": "item/connectors/red/left_right"},
		{"predicate": {"custom_model_data":152}, "model": "item/connectors/red/left_up"},
		{"predicate": {"custom_model_data":153}, "model": "item/connectors/red/right_up"},
		{"predicate": {"custom_model_data":154}, "model": "item/connectors/red/left_right_up"},
		
		
		
		{"predicate": {"custom_model_data": 9998}, "model": "item/skills/template"},
		{"predicate": {"custom_model_data": 9999}, "model": "item/skills/template_unlocked"},
		
		{"predicate": {"custom_model_data":10000}, "model": "item/skills/journey"},
		{"predicate": {"custom_model_data":10001}, "model": "item/skills/journey_unlocked"},
		
		
		{"predicate": {"custom_model_data":11000}, "model": "item/skills/mining/miningspeed_1"},
		{"predicate": {"custom_model_data":11001}, "model": "item/skills/mining/miningspeed_1_unlocked"},
		{"predicate": {"custom_model_data":11002}, "model": "item/skills/mining/miningspeed_2"},
		{"predicate": {"custom_model_data":11003}, "model": "item/skills/mining/miningspeed_2_unlocked"},
		{"predicate": {"custom_model_data":11004}, "model": "item/skills/mining/miningspeed_3"},
		{"predicate": {"custom_model_data":11005}, "model": "item/skills/mining/miningspeed_3_unlocked"},
		{"predicate": {"custom_model_data":11006}, "model": "item/skills/mining/miningspeed_4"},
		{"predicate": {"custom_model_data":11007}, "model": "item/skills/mining/miningspeed_4_unlocked"},
		{"predicate": {"custom_model_data":11008}, "model": "item/skills/mining/miningspeed_5"},
		{"predicate": {"custom_model_data":11009}, "model": "item/skills/mining/miningspeed_5_unlocked"},
		{"predicate": {"custom_model_data":11010}, "model": "item/skills/mining/miningspeed_6"},
		{"predicate": {"custom_model_data":11011}, "model": "item/skills/mining/miningspeed_6_unlocked"},
		{"predicate": {"custom_model_data":11012}, "model": "item/skills/mining/silkspawners"},
		{"predicate": {"custom_model_data":11013}, "model": "item/skills/mining/silkspawners_unlocked"},


		{"predicate": {"custom_model_data":11100}, "model": "item/skills/horse/unlock"},
		{"predicate": {"custom_model_data":11101}, "model": "item/skills/horse/unlock_unlocked"},
		
		{"predicate": {"custom_model_data":11102}, "model": "item/skills/horse/fall_resistance_upgrade_1"},
		{"predicate": {"custom_model_data":11103}, "model": "item/skills/horse/fall_resistance_upgrade_1_unlocked"},
		{"predicate": {"custom_model_data":11104}, "model": "item/skills/horse/fall_resistance_upgrade_2"},
		{"predicate": {"custom_model_data":11105}, "model": "item/skills/horse/fall_resistance_upgrade_2_unlocked"},
		{"predicate": {"custom_model_data":11106}, "model": "item/skills/horse/fall_resistance_upgrade_3"},
		{"predicate": {"custom_model_data":11107}, "model": "item/skills/horse/fall_resistance_upgrade_3_unlocked"},
		{"predicate": {"custom_model_data":11108}, "model": "item/skills/horse/health_1_upgrade"},
		{"predicate": {"custom_model_data":11109}, "model": "item/skills/horse/health_1_upgrade_unlocked"},
		{"predicate": {"custom_model_data":11110}, "model": "item/skills/horse/health_2_upgrade"},
		{"predicate": {"custom_model_data":11111}, "model": "item/skills/horse/health_2_upgrade_unlocked"},
		{"predicate": {"custom_model_data":11112}, "model": "item/skills/horse/health_3_upgrade"},
		{"predicate": {"custom_model_data":11113}, "model": "item/skills/horse/health_3_upgrade_unlocked"},
		{"predicate": {"custom_model_data":11114}, "model": "item/skills/horse/health_4_upgrade"},
		{"predicate": {"custom_model_data":11115}, "model": "item/skills/horse/health_4_upgrade_unlocked"},
		{"predicate": {"custom_model_data":11116}, "model": "item/skills/horse/health_5_upgrade"},
		{"predicate": {"custom_model_data":11117}, "model": "item/skills/horse/health_5_upgrade_unlocked"},
		
		{"predicate": {"custom_model_data":11118}, "model": "item/skills/horse/speed_upgrade"},
		{"predicate": {"custom_model_data":11119}, "model": "item/skills/horse/speed_upgrade_unlocked"},
	
	
		{"predicate": {"custom_model_data":11200}, "model": "item/skills/backpack/unlock"},
		{"predicate": {"custom_model_data":11201}, "model": "item/skills/backpack/unlock_unlocked"},
		
		{"predicate": {"custom_model_data":11202}, "model": "item/skills/backpack/size_upgrade_1"},
		{"predicate": {"custom_model_data":11203}, "model": "item/skills/backpack/size_upgrade_1_unlocked"},
		{"predicate": {"custom_model_data":11204}, "model": "item/skills/backpack/size_upgrade_2"},
		{"predicate": {"custom_model_data":11205}, "model": "item/skills/backpack/size_upgrade_2_unlocked"},
		{"predicate": {"custom_model_data":11206}, "model": "item/skills/backpack/size_upgrade_3"},
		{"predicate": {"custom_model_data":11207}, "model": "item/skills/backpack/size_upgrade_3_unlocked"},
		{"predicate": {"custom_model_data":11208}, "model": "item/skills/backpack/size_upgrade_4"},
		{"predicate": {"custom_model_data":11209}, "model": "item/skills/backpack/size_upgrade_4_unlocked"},
		{"predicate": {"custom_model_data":11210}, "model": "item/skills/backpack/size_upgrade_5"},
		{"predicate": {"custom_model_data":11211}, "model": "item/skills/backpack/size_upgrade_5_unlocked"},
	
	
		{"predicate": {"custom_model_data":11300}, "model": "item/skills/util/mobile_craft"},
		{"predicate": {"custom_model_data":11301}, "model": "item/skills/util/mobile_craft_unlocked"},
		{"predicate": {"custom_model_data":11302}, "model": "item/skills/util/mobile_enderchest"},
		{"predicate": {"custom_model_data":11303}, "model": "item/skills/util/mobile_enderchest_unlocked"},
		
		{"predicate": {"custom_model_data":20000}, "model": "item/bosses/warden/head"},
		{"predicate": {"custom_model_data":20001}, "model": "item/bosses/warden/body"},
		{"predicate": {"custom_model_data":20002}, "model": "item/bosses/warden/left_arm"},
		{"predicate": {"custom_model_data":20003}, "model": "item/bosses/warden/right_arm"},
		{"predicate": {"custom_model_data":20004}, "model": "item/bosses/warden/left_leg"},
		{"predicate": {"custom_model_data":20005}, "model": "item/bosses/warden/right_leg"},
				
		
		
		{"predicate": {"custom_model_data":30000}, "model": "item/settings/abilities/PressShift"},
		{"predicate": {"custom_model_data":30001}, "model": "item/settings/abilities/DontPressShift"},
		
		{"predicate": {"custom_model_data":30002}, "model": "item/settings/abilities/PressFOnce"},
		{"predicate": {"custom_model_data":30003}, "model": "item/settings/abilities/PressFTwice"},
		
		{"predicate": {"custom_model_data":30004}, "model": "item/settings/abilities/StayInAbilityBar"},
		{"predicate": {"custom_model_data":30005}, "model": "item/settings/abilities/ExitAbilityBar"},
		
		{"predicate": {"custom_model_data":30006}, "model": "item/settings/abilities/HotbarSlotUsage"},
		{"predicate": {"custom_model_data":30007}, "model": "item/settings/abilities/HotbarSlotCantUse"},
		
		{"predicate": {"custom_model_data":30008}, "model": "item/settings/abilities/NinthItemNone"},
		{"predicate": {"custom_model_data":30009}, "model": "item/settings/abilities/NinthItemSettings"},
		{"predicate": {"custom_model_data":30010}, "model": "item/settings/abilities/NinthItemExit"},


	
		{"predicate": {"custom_model_data":30011}, "model": "item/settings/abilities/NinthItemSettings"},
		{"predicate": {"custom_model_data":30012}, "model": "item/settings/abilities/NinthItemExit"},
		
		{"predicate": {"custom_model_data":40000}, "model": "item/abilities/airlock"},
		{"predicate": {"custom_model_data":40001}, "model": "item/abilities/bloodthirst"},
		{"predicate": {"custom_model_data":40002}, "model": "item/abilities/cobwebthrow"},
		{"predicate": {"custom_model_data":40003}, "model": "item/abilities/dash"},
		{"predicate": {"custom_model_data":40004}, "model": "item/abilities/deepfreeze"},
		{"predicate": {"custom_model_data":40005}, "model": "item/abilities/dogs"},
		{"predicate": {"custom_model_data":40006}, "model": "item/abilities/duel"},
		{"predicate": {"custom_model_data":40007}, "model": "item/abilities/earthquake"},
		{"predicate": {"custom_model_data":40008}, "model": "item/abilities/fireball"},
		{"predicate": {"custom_model_data":40009}, "model": "item/abilities/firebreath"},
		{"predicate": {"custom_model_data":40010}, "model": "item/abilities/forcefield"},
		{"predicate": {"custom_model_data":40011}, "model": "item/abilities/ghost"},
		{"predicate": {"custom_model_data":40012}, "model": "item/abilities/healcloud"},
		{"predicate": {"custom_model_data":40013}, "model": "item/abilities/healthmarker"},
		{"predicate": {"custom_model_data":40014}, "model": "item/abilities/instalock"},
		{"predicate": {"custom_model_data":40015}, "model": "item/abilities/kamehameha"},
		{"predicate": {"custom_model_data":40016}, "model": "item/abilities/levitationmagic"},
		{"predicate": {"custom_model_data":40017}, "model": "item/abilities/poisoncloud"},
		{"predicate": {"custom_model_data":40018}, "model": "item/abilities/smokebomb"},
		{"predicate": {"custom_model_data":40019}, "model": "item/abilities/theforce"},
		{"predicate": {"custom_model_data":40020}, "model": "item/abilities/updraft"},
		{"predicate": {"custom_model_data":40021}, "model": "item/abilities/warp"}
	]
}