{
	"parent": "item/generated",
	"textures": {
		"layer0": "item/turtle_scute"
	},
	"overrides": [
		{"predicate": {"custom_model_data":1}, "model": "item/gray"},
		{"predicate": {"custom_model_data":2}, "model": "item/air"},
		{"predicate": {"custom_model_data":3}, "model": "item/zero"},
		{"predicate": {"custom_model_data":4}, "model": "item/one"},
		
		
		{"predicate": {"custom_model_data":9}, "model": "item/overlayblocker"},
		{"predicate": {"custom_model_data":10}, "model": "item/connectors/down"},
		{"predicate": {"custom_model_data":11}, "model": "item/connectors/left"},
		{"predicate": {"custom_model_data":12}, "model": "item/connectors/right"},
		{"predicate": {"custom_model_data":13}, "model": "item/connectors/up"},
		{"predicate": {"custom_model_data":14}, "model": "item/connectors/down_left"},
		{"predicate": {"custom_model_data":15}, "model": "item/connectors/down_right"},
		{"predicate": {"custom_model_data":16}, "model": "item/connectors/down_left_right"},
		{"predicate": {"custom_model_data":17}, "model": "item/connectors/down_up"},
		{"predicate": {"custom_model_data":18}, "model": "item/connectors/down_left_up"},
		{"predicate": {"custom_model_data":19}, "model": "item/connectors/down_right_up"},
		{"predicate": {"custom_model_data":20}, "model": "item/connectors/down_left_right_up"},
		{"predicate": {"custom_model_data":21}, "model": "item/connectors/left_right"},
		{"predicate": {"custom_model_data":22}, "model": "item/connectors/left_up"},
		{"predicate": {"custom_model_data":23}, "model": "item/connectors/right_up"},
		{"predicate": {"custom_model_data":24}, "model": "item/connectors/left_right_up"},
		
		{"predicate": {"custom_model_data":25}, "model": "item/connectors/gray_down"},
		{"predicate": {"custom_model_data":26}, "model": "item/connectors/gray_left"},
		{"predicate": {"custom_model_data":27}, "model": "item/connectors/gray_right"},
		{"predicate": {"custom_model_data":28}, "model": "item/connectors/gray_up"},
		{"predicate": {"custom_model_data":29}, "model": "item/connectors/gray_down_left"},
		{"predicate": {"custom_model_data":30}, "model": "item/connectors/gray_down_right"},
		{"predicate": {"custom_model_data":31}, "model": "item/connectors/gray_down_left_right"},
		{"predicate": {"custom_model_data":32}, "model": "item/connectors/gray_down_up"},
		{"predicate": {"custom_model_data":33}, "model": "item/connectors/gray_down_left_up"},
		{"predicate": {"custom_model_data":34}, "model": "item/connectors/gray_down_right_up"},
		{"predicate": {"custom_model_data":35}, "model": "item/connectors/gray_down_left_right_up"},
		{"predicate": {"custom_model_data":36}, "model": "item/connectors/gray_left_right"},
		{"predicate": {"custom_model_data":37}, "model": "item/connectors/gray_left_up"},
		{"predicate": {"custom_model_data":38}, "model": "item/connectors/gray_right_up"},
		{"predicate": {"custom_model_data":39}, "model": "item/connectors/gray_left_right_up"},
		
		{"predicate": {"custom_model_data":40}, "model": "item/level/level0"},
		{"predicate": {"custom_model_data":41}, "model": "item/level/level1"},
		{"predicate": {"custom_model_data":42}, "model": "item/level/level2"},
		{"predicate": {"custom_model_data":43}, "model": "item/level/level3"},
		{"predicate": {"custom_model_data":44}, "model": "item/level/level4"},
		{"predicate": {"custom_model_data":45}, "model": "item/level/level5"},
		{"predicate": {"custom_model_data":46}, "model": "item/level/level6"},
		{"predicate": {"custom_model_data":47}, "model": "item/level/level7"},
		{"predicate": {"custom_model_data":48}, "model": "item/level/level8"},
		{"predicate": {"custom_model_data":49}, "model": "item/level/level9"},
		{"predicate": {"custom_model_data":50}, "model": "item/level/level10"},
		{"predicate": {"custom_model_data":51}, "model": "item/level/level11"},
		
		{"predicate": {"custom_model_data":52}, "model": "item/buttons/down"},
		{"predicate": {"custom_model_data":53}, "model": "item/buttons/up"},
		{"predicate": {"custom_model_data":54}, "model": "item/buttons/right"},
		{"predicate": {"custom_model_data":55}, "model": "item/buttons/left"},
		{"predicate": {"custom_model_data":56}, "model": "item/buttons/a"},
		{"predicate": {"custom_model_data":57}, "model": "item/buttons/b"},
		
		
		{"predicate": {"custom_model_data":58}, "model": "item/buttons/page_up1"},
		{"predicate": {"custom_model_data":59}, "model": "item/buttons/page_down1"},
		{"predicate": {"custom_model_data":60}, "model": "item/buttons/page_up2"},
		{"predicate": {"custom_model_data":61}, "model": "item/buttons/page_down2"},
		{"predicate": {"custom_model_data":62}, "model": "item/buttons/page_up3"},
		{"predicate": {"custom_model_data":63}, "model": "item/buttons/page_down3"}
	
	]
}