{
	"parent": "item/generated",
	"textures": {
		"layer0": "item/turtle_scute"
	},
	"overrides": [
		{"predicate": {"custom_model_data":1}, "model": "item/gray"},
		{"predicate": {"custom_model_data":2}, "model": "item/air"},
		{"predicate": {"custom_model_data":3}, "model": "item/zero"},
		{"predicate": {"custom_model_data":4}, "model": "item/one"},
		
		
		{"predicate": {"custom_model_data":9}, "model": "item/overlayblocker"},
		{"predicate": {"custom_model_data":10}, "model": "item/connectors/down"},
		{"predicate": {"custom_model_data":11}, "model": "item/connectors/left"},
		{"predicate": {"custom_model_data":12}, "model": "item/connectors/right"},
		{"predicate": {"custom_model_data":13}, "model": "item/connectors/up"},
		{"predicate": {"custom_model_data":14}, "model": "item/connectors/down_left"},
		{"predicate": {"custom_model_data":15}, "model": "item/connectors/down_right"},
		{"predicate": {"custom_model_data":16}, "model": "item/connectors/down_left_right"},
		{"predicate": {"custom_model_data":17}, "model": "item/connectors/down_up"},
		{"predicate": {"custom_model_data":18}, "model": "item/connectors/down_left_up"},
		{"predicate": {"custom_model_data":19}, "model": "item/connectors/down_right_up"},
		{"predicate": {"custom_model_data":20}, "model": "item/connectors/down_left_right_up"},
		{"predicate": {"custom_model_data":21}, "model": "item/connectors/left_right"},
		{"predicate": {"custom_model_data":22}, "model": "item/connectors/left_up"},
		{"predicate": {"custom_model_data":23}, "model": "item/connectors/right_up"},
		{"predicate": {"custom_model_data":24}, "model": "item/connectors/left_right_up"},
		
		{"predicate": {"custom_model_data":25}, "model": "item/connectors/gray_down"},
		{"predicate": {"custom_model_data":26}, "model": "item/connectors/gray_left"},
		{"predicate": {"custom_model_data":27}, "model": "item/connectors/gray_right"},
		{"predicate": {"custom_model_data":28}, "model": "item/connectors/gray_up"},
		{"predicate": {"custom_model_data":29}, "model": "item/connectors/gray_down_left"},
		{"predicate": {"custom_model_data":30}, "model": "item/connectors/gray_down_right"},
		{"predicate": {"custom_model_data":31}, "model": "item/connectors/gray_down_left_right"},
		{"predicate": {"custom_model_data":32}, "model": "item/connectors/gray_down_up"},
		{"predicate": {"custom_model_data":33}, "model": "item/connectors/gray_down_left_up"},
		{"predicate": {"custom_model_data":34}, "model": "item/connectors/gray_down_right_up"},
		{"predicate": {"custom_model_data":35}, "model": "item/connectors/gray_down_left_right_up"},
		{"predicate": {"custom_model_data":36}, "model": "item/connectors/gray_left_right"},
		{"predicate": {"custom_model_data":37}, "model": "item/connectors/gray_left_up"},
		{"predicate": {"custom_model_data":38}, "model": "item/connectors/gray_right_up"},
		{"predicate": {"custom_model_data":39}, "model": "item/connectors/gray_left_right_up"},
		
		{"predicate": {"custom_model_data":40}, "model": "item/level/level0"},
		{"predicate": {"custom_model_data":41}, "model": "item/level/level1"},
		{"predicate": {"custom_model_data":42}, "model": "item/level/level2"},
		{"predicate": {"custom_model_data":43}, "model": "item/level/level3"},
		{"predicate": {"custom_model_data":44}, "model": "item/level/level4"},
		{"predicate": {"custom_model_data":45}, "model": "item/level/level5"},
		{"predicate": {"custom_model_data":46}, "model": "item/level/level6"},
		{"predicate": {"custom_model_data":47}, "model": "item/level/level7"},
		{"predicate": {"custom_model_data":48}, "model": "item/level/level8"},
		{"predicate": {"custom_model_data":49}, "model": "item/level/level9"},
		{"predicate": {"custom_model_data":50}, "model": "item/level/level10"},
		{"predicate": {"custom_model_data":51}, "model": "item/level/level11"},
		
		{"predicate": {"custom_model_data":52}, "model": "item/buttons/down"},
		{"predicate": {"custom_model_data":53}, "model": "item/buttons/up"},
		{"predicate": {"custom_model_data":54}, "model": "item/buttons/right"},
		{"predicate": {"custom_model_data":55}, "model": "item/buttons/left"},
		{"predicate": {"custom_model_data":56}, "model": "item/buttons/a"},
		{"predicate": {"custom_model_data":57}, "model": "item/buttons/b"},
		
		
		{"predicate": {"custom_model_data":58}, "model": "item/buttons/page_up_1"},
		{"predicate": {"custom_model_data":59}, "model": "item/buttons/page_down_1"},
		{"predicate": {"custom_model_data":60}, "model": "item/buttons/page_up_2"},
		{"predicate": {"custom_model_data":61}, "model": "item/buttons/page_down_2"},
		{"predicate": {"custom_model_data":62}, "model": "item/buttons/page_up_3"},
		{"predicate": {"custom_model_data":63}, "model": "item/buttons/page_down_3"},
		
		
		{"predicate": {"custom_model_data": 9998}, "model": "item/siklls/template"},
		{"predicate": {"custom_model_data": 9999}, "model": "item/siklls/template_unlocked"},
		
		{"predicate": {"custom_model_data":10000}, "model": "item/siklls/journey"},
		{"predicate": {"custom_model_data":10001}, "model": "item/siklls/journey_unlocked"},
		
		
		{"predicate": {"custom_model_data":11000}, "model": "item/siklls/mining/miningspeed_1"},
		{"predicate": {"custom_model_data":11001}, "model": "item/siklls/mining/miningspeed_1_bought"},
		{"predicate": {"custom_model_data":11002}, "model": "item/siklls/mining/miningspeed_2"},
		{"predicate": {"custom_model_data":11003}, "model": "item/siklls/mining/miningspeed_2_bought"},
		{"predicate": {"custom_model_data":11004}, "model": "item/siklls/mining/miningspeed_3"},
		{"predicate": {"custom_model_data":11005}, "model": "item/siklls/mining/miningspeed_3_bought"},
		{"predicate": {"custom_model_data":11006}, "model": "item/siklls/mining/miningspeed_4"},
		{"predicate": {"custom_model_data":11007}, "model": "item/siklls/mining/miningspeed_4_bought"},
		{"predicate": {"custom_model_data":11008}, "model": "item/siklls/mining/miningspeed_5"},
		{"predicate": {"custom_model_data":11009}, "model": "item/siklls/mining/miningspeed_5_bought"},
		{"predicate": {"custom_model_data":11010}, "model": "item/siklls/mining/miningspeed_6"},
		{"predicate": {"custom_model_data":11011}, "model": "item/siklls/mining/miningspeed_6_bought"},
		{"predicate": {"custom_model_data":11012}, "model": "item/siklls/mining/silkspawners"},
		{"predicate": {"custom_model_data":11013}, "model": "item/siklls/mining/silkspawners_bought"},


		{"predicate": {"custom_model_data":11100}, "model": "item/siklls/horse/unlock"},
		{"predicate": {"custom_model_data":11101}, "model": "item/siklls/horse/unlock_bought"},
		
		{"predicate": {"custom_model_data":11102}, "model": "item/siklls/horse/fall_resistance_upgrade_1"},
		{"predicate": {"custom_model_data":11103}, "model": "item/siklls/horse/fall_resistance_upgrade_1_bought"},
		{"predicate": {"custom_model_data":11104}, "model": "item/siklls/horse/fall_resistance_upgrade_2"},
		{"predicate": {"custom_model_data":11105}, "model": "item/siklls/horse/fall_resistance_upgrade_2_bought"},
		{"predicate": {"custom_model_data":11106}, "model": "item/siklls/horse/fall_resistance_upgrade_3"},
		{"predicate": {"custom_model_data":11107}, "model": "item/siklls/horse/fall_resistance_upgrade_3_bought"},
		{"predicate": {"custom_model_data":11108}, "model": "item/siklls/horse/health_upgrade_1"},
		{"predicate": {"custom_model_data":11109}, "model": "item/siklls/horse/health_upgrade_1_bought"},
		{"predicate": {"custom_model_data":11110}, "model": "item/siklls/horse/health_upgrade_2"},
		{"predicate": {"custom_model_data":11111}, "model": "item/siklls/horse/health_upgrade_2_bought"},
		{"predicate": {"custom_model_data":11112}, "model": "item/siklls/horse/health_upgrade_3"},
		{"predicate": {"custom_model_data":11113}, "model": "item/siklls/horse/health_upgrade_3_bought"},
		{"predicate": {"custom_model_data":11114}, "model": "item/siklls/horse/health_upgrade_4"},
		{"predicate": {"custom_model_data":11115}, "model": "item/siklls/horse/health_upgrade_4_bought"},
		{"predicate": {"custom_model_data":11116}, "model": "item/siklls/horse/health_upgrade_5"},
		{"predicate": {"custom_model_data":11117}, "model": "item/siklls/horse/health_upgrade_5_bought"},
		
		{"predicate": {"custom_model_data":11118}, "model": "item/siklls/horse/speedupgrade"},
		{"predicate": {"custom_model_data":11119}, "model": "item/siklls/horse/speedupgrade_bought"},
	
	
		{"predicate": {"custom_model_data":11200}, "model": "item/siklls/backpack/unlock"},
		{"predicate": {"custom_model_data":11201}, "model": "item/siklls/backpack/unlock_bought"},
		
		{"predicate": {"custom_model_data":11202}, "model": "item/siklls/backpack/size_upgrade_1"},
		{"predicate": {"custom_model_data":11203}, "model": "item/siklls/backpack/size_upgrade_1_bought"},
		{"predicate": {"custom_model_data":11204}, "model": "item/siklls/backpack/size_upgrade_2"},
		{"predicate": {"custom_model_data":11205}, "model": "item/siklls/backpack/size_upgrade_2_bought"},
		{"predicate": {"custom_model_data":11206}, "model": "item/siklls/backpack/size_upgrade_3"},
		{"predicate": {"custom_model_data":11207}, "model": "item/siklls/backpack/size_upgrade_3_bought"},
		{"predicate": {"custom_model_data":11208}, "model": "item/siklls/backpack/size_upgrade_4"},
		{"predicate": {"custom_model_data":11209}, "model": "item/siklls/backpack/size_upgrade_4_bought"},
		{"predicate": {"custom_model_data":11210}, "model": "item/siklls/backpack/size_upgrade_5"},
		{"predicate": {"custom_model_data":11211}, "model": "item/siklls/backpack/size_upgrade_5_bought"}
	]
}