{
	"credit": "Made with Blockbench",
	"elements": [
		{
			"from": [6, -10, 6],
			"to": [8, 26, 8],
			"rotation": {"angle": 0, "axis": "y", "origin": [6, 0, 6]},
			"color": 3,
			"faces": {
				"north": {"uv": [0, 0, 2, 16], "texture": "#missing"},
				"east": {"uv": [0, 0, 2, 16], "texture": "#missing"},
				"south": {"uv": [0, 0, 2, 16], "texture": "#missing"},
				"west": {"uv": [0, 0, 2, 16], "texture": "#missing"},
				"up": {"uv": [0, 0, 2, 2], "texture": "#missing"},
				"down": {"uv": [0, 0, 2, 2], "texture": "#missing"}
			}
		},
		{
			"from": [5.9, 26, 5],
			"to": [8.1, 28.1, 11],
			"rotation": {"angle": 22.5, "axis": "x", "origin": [6, 26, 6]},
			"color": 8,
			"faces": {
				"north": {"uv": [0, 0, 2.2, 2.1], "texture": "#missing"},
				"east": {"uv": [0, 0, 6, 2.1], "texture": "#missing"},
				"south": {"uv": [0, 0, 2.2, 2.1], "texture": "#missing"},
				"west": {"uv": [0, 0, 6, 2.1], "texture": "#missing"},
				"up": {"uv": [0, 0, 2.2, 6], "texture": "#missing"},
				"down": {"uv": [0, 0, 2.2, 6], "texture": "#missing"}
			}
		},
		{
			"from": [5.9, 26, -5],
			"to": [8.1, 28.3, 6],
			"rotation": {"angle": 0, "axis": "y", "origin": [6, 26, 1]},
			"color": 8,
			"faces": {
				"north": {"uv": [0, 0, 2.2, 2.3], "texture": "#missing"},
				"east": {"uv": [0, 0, 11, 2.3], "texture": "#missing"},
				"south": {"uv": [0, 0, 2.2, 2.3], "texture": "#missing"},
				"west": {"uv": [0, 0, 11, 2.3], "texture": "#missing"},
				"up": {"uv": [0, 0, 2.2, 11], "texture": "#missing"},
				"down": {"uv": [0, 0, 2.2, 11], "texture": "#missing"}
			}
		},
		{
			"from": [6, 24.4, -8.5],
			"to": [8, 26.7, -3.5],
			"rotation": {"angle": -22.5, "axis": "x", "origin": [6, 24, -8]},
			"color": 8,
			"faces": {
				"north": {"uv": [0, 0, 2, 2.3], "texture": "#missing"},
				"east": {"uv": [0, 0, 5, 2.3], "texture": "#missing"},
				"south": {"uv": [0, 0, 2, 2.3], "texture": "#missing"},
				"west": {"uv": [0, 0, 5, 2.3], "texture": "#missing"},
				"up": {"uv": [0, 0, 2, 5], "texture": "#missing"},
				"down": {"uv": [0, 0, 2, 5], "texture": "#missing"}
			}
		},
		{
			"from": [6, 25.8, -5],
			"to": [8, 28.5, 6],
			"rotation": {"angle": 0, "axis": "y", "origin": [6, 26, -2]},
			"color": 8,
			"faces": {
				"north": {"uv": [0, 0, 2, 2.7], "texture": "#missing"},
				"east": {"uv": [0, 0, 11, 2.7], "texture": "#missing"},
				"south": {"uv": [0, 0, 2, 2.7], "texture": "#missing"},
				"west": {"uv": [0, 0, 11, 2.7], "texture": "#missing"},
				"up": {"uv": [0, 0, 2, 11], "texture": "#missing"},
				"down": {"uv": [0, 0, 2, 11], "texture": "#missing"}
			}
		},
		{
			"from": [6.2, 21, -13.5],
			"to": [7.8, 26, -11.2],
			"rotation": {"angle": 45, "axis": "x", "origin": [6, 21, -11]},
			"color": 8,
			"faces": {
				"north": {"uv": [0, 0, 1.6, 5], "rotation": 180, "texture": "#missing"},
				"east": {"uv": [0, 0, 5, 2.3], "rotation": 90, "texture": "#missing"},
				"south": {"uv": [0, 0, 1.6, 5], "texture": "#missing"},
				"west": {"uv": [0, 0, 5, 2.3], "rotation": 270, "texture": "#missing"},
				"up": {"uv": [0, 0, 1.6, 2.3], "texture": "#missing"},
				"down": {"uv": [0, 0, 1.6, 2.3], "rotation": 180, "texture": "#missing"}
			}
		},
		{
			"from": [6.2, 23.8, -8.5],
			"to": [7.8, 26.5, -3.5],
			"rotation": {"angle": -22.5, "axis": "x", "origin": [6, 24, -9]},
			"color": 8,
			"faces": {
				"north": {"uv": [0, 0, 1.6, 2.7], "texture": "#missing"},
				"east": {"uv": [0, 0, 5, 2.7], "texture": "#missing"},
				"south": {"uv": [0, 0, 1.6, 2.7], "texture": "#missing"},
				"west": {"uv": [0, 0, 5, 2.7], "texture": "#missing"},
				"up": {"uv": [0, 0, 1.6, 5], "texture": "#missing"},
				"down": {"uv": [0, 0, 1.6, 5], "texture": "#missing"}
			}
		},
		{
			"from": [6.2, 26.4, 5],
			"to": [7.8, 28.7, 10.9],
			"rotation": {"angle": 22.5, "axis": "x", "origin": [6, 26, 5]},
			"color": 8,
			"faces": {
				"north": {"uv": [0, 0, 1.6, 2.3], "texture": "#missing"},
				"east": {"uv": [0, 0, 5.9, 2.3], "texture": "#missing"},
				"south": {"uv": [0, 0, 1.6, 2.3], "texture": "#missing"},
				"west": {"uv": [0, 0, 5.9, 2.3], "texture": "#missing"},
				"up": {"uv": [0, 0, 1.6, 5.9], "texture": "#missing"},
				"down": {"uv": [0, 0, 1.6, 5.9], "texture": "#missing"}
			}
		},
		{
			"from": [6.5, 19.4, -14.75],
			"to": [7.5, 22.4, -12.45],
			"rotation": {"angle": 22.5, "axis": "x", "origin": [6, 17, -12]},
			"color": 8,
			"faces": {
				"north": {"uv": [0, 0, 1, 3], "rotation": 180, "texture": "#missing"},
				"east": {"uv": [0, 0, 3, 2.3], "rotation": 90, "texture": "#missing"},
				"south": {"uv": [0, 0, 1, 3], "texture": "#missing"},
				"west": {"uv": [0, 0, 3, 2.3], "rotation": 270, "texture": "#missing"},
				"up": {"uv": [0, 0, 1, 2.3], "texture": "#missing"},
				"down": {"uv": [0, 0, 1, 2.3], "rotation": 180, "texture": "#missing"}
			}
		},
		{
			"from": [6.6, 19.2, -15],
			"to": [7.4, 22.2, -12.3],
			"rotation": {"angle": 22.5, "axis": "x", "origin": [6, 17, -12]},
			"color": 8,
			"faces": {
				"north": {"uv": [0, 0, 0.8, 3], "rotation": 180, "texture": "#missing"},
				"east": {"uv": [0, 0, 3, 2.7], "rotation": 90, "texture": "#missing"},
				"south": {"uv": [0, 0, 0.8, 3], "texture": "#missing"},
				"west": {"uv": [0, 0, 3, 2.7], "rotation": 270, "texture": "#missing"},
				"up": {"uv": [0, 0, 0.8, 2.7], "texture": "#missing"},
				"down": {"uv": [0, 0, 0.8, 2.7], "rotation": 180, "texture": "#missing"}
			}
		},
		{
			"from": [6.7, 18.8, -14.9],
			"to": [7.3, 21.8, -12.6],
			"rotation": {"angle": 22.5, "axis": "x", "origin": [6, 17, -12]},
			"color": 8,
			"faces": {
				"north": {"uv": [0, 0, 0.6, 3], "rotation": 180, "texture": "#missing"},
				"east": {"uv": [0, 0, 3, 2.3], "rotation": 90, "texture": "#missing"},
				"south": {"uv": [0, 0, 0.6, 3], "texture": "#missing"},
				"west": {"uv": [0, 0, 3, 2.3], "rotation": 270, "texture": "#missing"},
				"up": {"uv": [0, 0, 0.6, 2.3], "texture": "#missing"},
				"down": {"uv": [0, 0, 0.6, 2.3], "rotation": 180, "texture": "#missing"}
			}
		},
		{
			"from": [6.8, 18.4, -14.8],
			"to": [7.2, 21.4, -12.9],
			"rotation": {"angle": 22.5, "axis": "x", "origin": [6, 17, -12]},
			"color": 8,
			"faces": {
				"north": {"uv": [0, 0, 0.4, 3], "rotation": 180, "texture": "#missing"},
				"east": {"uv": [0, 0, 3, 1.9], "rotation": 90, "texture": "#missing"},
				"south": {"uv": [0, 0, 0.4, 3], "texture": "#missing"},
				"west": {"uv": [0, 0, 3, 1.9], "rotation": 270, "texture": "#missing"},
				"up": {"uv": [0, 0, 0.4, 1.9], "texture": "#missing"},
				"down": {"uv": [0, 0, 0.4, 1.9], "rotation": 180, "texture": "#missing"}
			}
		},
		{
			"from": [6.8, 18, -14.7],
			"to": [7.1, 21, -13.1],
			"rotation": {"angle": 22.5, "axis": "x", "origin": [6, 17, -12]},
			"color": 8,
			"faces": {
				"north": {"uv": [0, 0, 0.3, 3], "rotation": 180, "texture": "#missing"},
				"east": {"uv": [0, 0, 3, 1.6], "rotation": 90, "texture": "#missing"},
				"south": {"uv": [0, 0, 0.3, 3], "texture": "#missing"},
				"west": {"uv": [0, 0, 3, 1.6], "rotation": 270, "texture": "#missing"},
				"up": {"uv": [0, 0, 0.3, 1.6], "texture": "#missing"},
				"down": {"uv": [0, 0, 0.3, 1.6], "rotation": 180, "texture": "#missing"}
			}
		},
		{
			"from": [6.85, 17.6, -14.55],
			"to": [7.05, 20.6, -13.35],
			"rotation": {"angle": 22.5, "axis": "x", "origin": [6, 17, -12]},
			"color": 8,
			"faces": {
				"north": {"uv": [0, 0, 0.2, 3], "rotation": 180, "texture": "#missing"},
				"east": {"uv": [0, 0, 3, 1.2], "rotation": 90, "texture": "#missing"},
				"south": {"uv": [0, 0, 0.2, 3], "texture": "#missing"},
				"west": {"uv": [0, 0, 3, 1.2], "rotation": 270, "texture": "#missing"},
				"up": {"uv": [0, 0, 0.2, 1.2], "texture": "#missing"},
				"down": {"uv": [0, 0, 0.2, 1.2], "rotation": 180, "texture": "#missing"}
			}
		},
		{
			"from": [7, 17.2, -14.4],
			"to": [6.9, 21.2, -13.6],
			"rotation": {"angle": 22.5, "axis": "x", "origin": [6, 17, -12]},
			"color": 8,
			"faces": {
				"north": {"uv": [0, 0, 0.1, 4], "rotation": 180, "texture": "#missing"},
				"east": {"uv": [0, 0, 4, 0.8], "rotation": 90, "texture": "#missing"},
				"south": {"uv": [0, 0, 0.1, 4], "texture": "#missing"},
				"west": {"uv": [0, 0, 4, 0.8], "rotation": 270, "texture": "#missing"},
				"up": {"uv": [0, 0, 0.1, 0.8], "texture": "#missing"},
				"down": {"uv": [0, 0, 0.1, 0.8], "rotation": 180, "texture": "#missing"}
			}
		},
		{
			"from": [6.925, 16.8, -14.25],
			"to": [6.975, 20.8, -13.85],
			"rotation": {"angle": 22.5, "axis": "x", "origin": [6, 17, -12]},
			"color": 8,
			"faces": {
				"north": {"uv": [0, 0, 0.05, 4], "rotation": 180, "texture": "#missing"},
				"east": {"uv": [0, 0, 4, 0.4], "rotation": 90, "texture": "#missing"},
				"south": {"uv": [0, 0, 0.05, 4], "texture": "#missing"},
				"west": {"uv": [0, 0, 4, 0.4], "rotation": 270, "texture": "#missing"},
				"up": {"uv": [0, 0, 0.05, 0.4], "texture": "#missing"},
				"down": {"uv": [0, 0, 0.05, 0.4], "rotation": 180, "texture": "#missing"}
			}
		},
		{
			"from": [6, 24, 9],
			"to": [8, 26, 13],
			"rotation": {"angle": 45, "axis": "x", "origin": [6, 24, 10]},
			"color": 8,
			"faces": {
				"north": {"uv": [0, 0, 2, 2], "texture": "#missing"},
				"east": {"uv": [0, 0, 4, 2], "texture": "#missing"},
				"south": {"uv": [0, 0, 2, 2], "texture": "#missing"},
				"west": {"uv": [0, 0, 4, 2], "texture": "#missing"},
				"up": {"uv": [0, 0, 2, 4], "texture": "#missing"},
				"down": {"uv": [0, 0, 2, 4], "texture": "#missing"}
			}
		},
		{
			"from": [6.5, 21.4, -14.75],
			"to": [7.5, 26.4, -12.05],
			"rotation": {"angle": 45, "axis": "x", "origin": [6, 20, -12]},
			"color": 8,
			"faces": {
				"north": {"uv": [0, 0, 1, 5], "rotation": 180, "texture": "#missing"},
				"east": {"uv": [0, 0, 5, 2.7], "rotation": 90, "texture": "#missing"},
				"south": {"uv": [0, 0, 1, 5], "texture": "#missing"},
				"west": {"uv": [0, 0, 5, 2.7], "rotation": 270, "texture": "#missing"},
				"up": {"uv": [0, 0, 1, 2.7], "texture": "#missing"},
				"down": {"uv": [0, 0, 1, 2.7], "rotation": 180, "texture": "#missing"}
			}
		},
		{
			"from": [6.1, 19, 12],
			"to": [7.9, 23, 13],
			"rotation": {"angle": -22.5, "axis": "x", "origin": [6, 22, 11]},
			"color": 8,
			"faces": {
				"north": {"uv": [0, 0, 1.8, 4], "rotation": 180, "texture": "#missing"},
				"east": {"uv": [0, 0, 4, 1], "rotation": 270, "texture": "#missing"},
				"south": {"uv": [0, 0, 1.8, 4], "texture": "#missing"},
				"west": {"uv": [0, 0, 4, 1], "rotation": 90, "texture": "#missing"},
				"up": {"uv": [0, 0, 1.8, 1], "rotation": 180, "texture": "#missing"},
				"down": {"uv": [0, 0, 1.8, 1], "texture": "#missing"}
			}
		}
	],
	"display": {
		"thirdperson_righthand": {
			"rotation": [55, 0, 0],
			"translation": [1.25, -0.5, 5]
		},
		"thirdperson_lefthand": {
			"rotation": [55, 0, 0],
			"translation": [-1.25, -0.5, 5]
		},
		"firstperson_righthand": {
			"rotation": [-17, -15, 0],
			"translation": [2, -1, 2.75]
		},
		"firstperson_lefthand": {
			"rotation": [-17, -15, 0],
			"translation": [2, -1, 2.75]
		},
		"ground": {
			"rotation": [46, 90, 45]
		},
		"gui": {
			"rotation": [0, -90, 0]
		},
		"fixed": {
			"rotation": [0, 90, 0]
		}
	}
}