{
	"credit": "Made with Blockbench",
	"texture_size": [64, 64],
	"textures": {
		"0": "block/scythe_of_death",
		"particle": "block/scythe_of_death"
	},
	"elements": [
		{
			"from": [6, -10, 6],
			"to": [8, 26, 8],
			"rotation": {"angle": 0, "axis": "y", "origin": [6, 0, 6]},
			"faces": {
				"north": {"uv": [0, 0, 0.5, 9], "texture": "#0"},
				"east": {"uv": [0.5, 0, 1, 9], "texture": "#0"},
				"south": {"uv": [1, 0, 1.5, 9], "texture": "#0"},
				"west": {"uv": [1.5, 0, 2, 9], "texture": "#0"},
				"up": {"uv": [3, 7.5, 2.5, 7], "texture": "#0"},
				"down": {"uv": [3.5, 7, 3, 7.5], "texture": "#0"}
			}
		},
		{
			"from": [5.9, 26, 5],
			"to": [8.1, 28.1, 11],
			"rotation": {"angle": 22.5, "axis": "x", "origin": [6, 26, 6]},
			"faces": {
				"north": {"uv": [7, 3.75, 7.5, 4.25], "texture": "#0"},
				"east": {"uv": [4.75, 1.5, 6.25, 2], "texture": "#0"},
				"south": {"uv": [7, 4.25, 7.5, 4.75], "texture": "#0"},
				"west": {"uv": [4.75, 2, 6.25, 2.5], "texture": "#0"},
				"up": {"uv": [5.25, 4, 4.75, 2.5], "texture": "#0"},
				"down": {"uv": [5.25, 4, 4.75, 5.5], "texture": "#0"}
			}
		},
		{
			"from": [5.9, 26, -5],
			"to": [8.1, 28.3, 6],
			"rotation": {"angle": 0, "axis": "y", "origin": [6, 26, 1]},
			"faces": {
				"north": {"uv": [7.25, 0, 7.75, 0.5], "texture": "#0"},
				"east": {"uv": [2, 1.5, 4.75, 2], "texture": "#0"},
				"south": {"uv": [7.25, 0.5, 7.75, 1], "texture": "#0"},
				"west": {"uv": [2, 2, 4.75, 2.5], "texture": "#0"},
				"up": {"uv": [2.5, 5.25, 2, 2.5], "texture": "#0"},
				"down": {"uv": [3, 2.5, 2.5, 5.25], "texture": "#0"}
			}
		},
		{
			"from": [6, 24.4, -8.5],
			"to": [8, 26.7, -3.5],
			"rotation": {"angle": -22.5, "axis": "x", "origin": [6, 24, -8]},
			"faces": {
				"north": {"uv": [7.25, 1, 7.75, 1.5], "texture": "#0"},
				"east": {"uv": [5.25, 4.5, 6.5, 5], "texture": "#0"},
				"south": {"uv": [7.25, 1.5, 7.75, 2], "texture": "#0"},
				"west": {"uv": [5.25, 5, 6.5, 5.5], "texture": "#0"},
				"up": {"uv": [4, 6.5, 3.5, 5.25], "texture": "#0"},
				"down": {"uv": [5, 5.5, 4.5, 6.75], "texture": "#0"}
			}
		},
		{
			"from": [6, 25.8, -5],
			"to": [8, 28.5, 6],
			"rotation": {"angle": 0, "axis": "y", "origin": [6, 26, -2]},
			"faces": {
				"north": {"uv": [6.75, 0, 7.25, 0.75], "texture": "#0"},
				"east": {"uv": [2, 0, 4.75, 0.75], "texture": "#0"},
				"south": {"uv": [6.75, 0.75, 7.25, 1.5], "texture": "#0"},
				"west": {"uv": [2, 0.75, 4.75, 1.5], "texture": "#0"},
				"up": {"uv": [3.5, 5.25, 3, 2.5], "texture": "#0"},
				"down": {"uv": [4, 2.5, 3.5, 5.25], "texture": "#0"}
			}
		},
		{
			"from": [6.2, 21, -13.5],
			"to": [7.8, 26, -11.2],
			"rotation": {"angle": 45, "axis": "x", "origin": [6, 21, -11]},
			"faces": {
				"north": {"uv": [5, 5.5, 5.5, 6.75], "texture": "#0"},
				"east": {"uv": [5.5, 5.5, 6, 6.75], "texture": "#0"},
				"south": {"uv": [2, 5.75, 2.5, 7], "texture": "#0"},
				"west": {"uv": [2.5, 5.75, 3, 7], "texture": "#0"},
				"up": {"uv": [7.75, 2.5, 7.25, 2], "texture": "#0"},
				"down": {"uv": [7.75, 2.5, 7.25, 3], "texture": "#0"}
			}
		},
		{
			"from": [6.2, 23.8, -8.5],
			"to": [7.8, 26.5, -3.5],
			"rotation": {"angle": -22.5, "axis": "x", "origin": [6, 24, -9]},
			"faces": {
				"north": {"uv": [6, 6.5, 6.5, 7.25], "texture": "#0"},
				"east": {"uv": [4.75, 0, 6, 0.75], "texture": "#0"},
				"south": {"uv": [6.5, 6.5, 7, 7.25], "texture": "#0"},
				"west": {"uv": [4.75, 0.75, 6, 1.5], "texture": "#0"},
				"up": {"uv": [3.5, 7, 3, 5.75], "texture": "#0"},
				"down": {"uv": [6.25, 3, 5.75, 4.25], "texture": "#0"}
			}
		},
		{
			"from": [6.2, 26.4, 5],
			"to": [7.8, 28.7, 10.9],
			"rotation": {"angle": 22.5, "axis": "x", "origin": [6, 26, 5]},
			"faces": {
				"north": {"uv": [7.25, 3, 7.75, 3.5], "texture": "#0"},
				"east": {"uv": [2, 5.25, 3.5, 5.75], "texture": "#0"},
				"south": {"uv": [7.25, 5.75, 7.75, 6.25], "texture": "#0"},
				"west": {"uv": [5.25, 2.5, 6.75, 3], "texture": "#0"},
				"up": {"uv": [4.5, 6.5, 4, 5], "texture": "#0"},
				"down": {"uv": [5.75, 3, 5.25, 4.5], "texture": "#0"}
			}
		},
		{
			"from": [6.5, 19.4, -14.75],
			"to": [7.5, 22.4, -12.45],
			"rotation": {"angle": 22.5, "axis": "x", "origin": [6, 17, -12]},
			"faces": {
				"north": {"uv": [3, 7.5, 3.25, 8.25], "texture": "#0"},
				"east": {"uv": [6.5, 4, 7, 4.75], "texture": "#0"},
				"south": {"uv": [3.25, 7.5, 3.5, 8.25], "texture": "#0"},
				"west": {"uv": [6.5, 4.75, 7, 5.5], "texture": "#0"},
				"up": {"uv": [4.75, 5.5, 4.5, 5], "texture": "#0"},
				"down": {"uv": [6.5, 4, 6.25, 4.5], "texture": "#0"}
			}
		},
		{
			"from": [6.6, 19.2, -15],
			"to": [7.4, 22.2, -12.3],
			"rotation": {"angle": 22.5, "axis": "x", "origin": [6, 17, -12]},
			"faces": {
				"north": {"uv": [3.75, 7.5, 4, 8.25], "texture": "#0"},
				"east": {"uv": [6, 0, 6.75, 0.75], "texture": "#0"},
				"south": {"uv": [4, 7.5, 4.25, 8.25], "texture": "#0"},
				"west": {"uv": [6, 0.75, 6.75, 1.5], "texture": "#0"},
				"up": {"uv": [4.5, 8.25, 4.25, 7.5], "texture": "#0"},
				"down": {"uv": [7.75, 4.25, 7.5, 5], "texture": "#0"}
			}
		},
		{
			"from": [6.7, 18.8, -14.9],
			"to": [7.3, 21.8, -12.6],
			"rotation": {"angle": 22.5, "axis": "x", "origin": [6, 17, -12]},
			"faces": {
				"north": {"uv": [4.5, 7.5, 4.75, 8.25], "texture": "#0"},
				"east": {"uv": [6.75, 1.5, 7.25, 2.25], "texture": "#0"},
				"south": {"uv": [4.75, 7.5, 5, 8.25], "texture": "#0"},
				"west": {"uv": [6.75, 2.25, 7.25, 3], "texture": "#0"},
				"up": {"uv": [8, 1.5, 7.75, 1], "texture": "#0"},
				"down": {"uv": [8, 1.5, 7.75, 2], "texture": "#0"}
			}
		},
		{
			"from": [6.8, 18.4, -14.8],
			"to": [7.2, 21.4, -12.9],
			"rotation": {"angle": 22.5, "axis": "x", "origin": [6, 17, -12]},
			"faces": {
				"north": {"uv": [5, 7.5, 5.25, 8.25], "texture": "#0"},
				"east": {"uv": [6.75, 3, 7.25, 3.75], "texture": "#0"},
				"south": {"uv": [7.5, 5, 7.75, 5.75], "texture": "#0"},
				"west": {"uv": [4.5, 6.75, 5, 7.5], "texture": "#0"},
				"up": {"uv": [8, 2.5, 7.75, 2], "texture": "#0"},
				"down": {"uv": [8, 2.5, 7.75, 3], "texture": "#0"}
			}
		},
		{
			"from": [6.8, 18, -14.7],
			"to": [7.1, 21, -13.1],
			"rotation": {"angle": 22.5, "axis": "x", "origin": [6, 17, -12]},
			"faces": {
				"north": {"uv": [5.25, 7.5, 5.5, 8.25], "texture": "#0"},
				"east": {"uv": [5, 6.75, 5.5, 7.5], "texture": "#0"},
				"south": {"uv": [5.5, 7.5, 5.75, 8.25], "texture": "#0"},
				"west": {"uv": [5.5, 6.75, 6, 7.5], "texture": "#0"},
				"up": {"uv": [8, 3.5, 7.75, 3], "texture": "#0"},
				"down": {"uv": [8, 3.5, 7.75, 4], "texture": "#0"}
			}
		},
		{
			"from": [6.85, 17.6, -14.55],
			"to": [7.05, 20.6, -13.35],
			"rotation": {"angle": 22.5, "axis": "x", "origin": [6, 17, -12]},
			"faces": {
				"north": {"uv": [5.75, 7.5, 6, 8.25], "texture": "#0"},
				"east": {"uv": [7.5, 6.25, 7.75, 7], "texture": "#0"},
				"south": {"uv": [7.5, 7, 7.75, 7.75], "texture": "#0"},
				"west": {"uv": [7.75, 0, 8, 0.75], "texture": "#0"},
				"up": {"uv": [7, 4, 6.75, 3.75], "texture": "#0"},
				"down": {"uv": [7.5, 3.5, 7.25, 3.75], "texture": "#0"}
			}
		},
		{
			"from": [7, 17.2, -14.4],
			"to": [6.9, 21.2, -13.6],
			"rotation": {"angle": 22.5, "axis": "x", "origin": [6, 17, -12]},
			"faces": {
				"north": {"uv": [6, 7.25, 6.25, 8.25], "texture": "#0"},
				"east": {"uv": [6.25, 7.25, 6.5, 8.25], "texture": "#0"},
				"south": {"uv": [7.25, 6.25, 7.5, 7.25], "texture": "#0"},
				"west": {"uv": [6.5, 7.25, 6.75, 8.25], "texture": "#0"},
				"up": {"uv": [8, 4.25, 7.75, 4], "texture": "#0"},
				"down": {"uv": [8, 4.25, 7.75, 4.5], "texture": "#0"}
			}
		},
		{
			"from": [6.925, 16.8, -14.25],
			"to": [6.975, 20.8, -13.85],
			"rotation": {"angle": 22.5, "axis": "x", "origin": [6, 17, -12]},
			"faces": {
				"north": {"uv": [6.75, 7.25, 7, 8.25], "texture": "#0"},
				"east": {"uv": [7.25, 7.25, 7.5, 8.25], "texture": "#0"},
				"south": {"uv": [2.5, 7.5, 2.75, 8.5], "texture": "#0"},
				"west": {"uv": [2.75, 7.5, 3, 8.5], "texture": "#0"},
				"up": {"uv": [8, 4.75, 7.75, 4.5], "texture": "#0"},
				"down": {"uv": [8, 4.75, 7.75, 5], "texture": "#0"}
			}
		},
		{
			"from": [6, 24, 9],
			"to": [8, 26, 13],
			"rotation": {"angle": 45, "axis": "x", "origin": [6, 24, 10]},
			"faces": {
				"north": {"uv": [7, 4.75, 7.5, 5.25], "texture": "#0"},
				"east": {"uv": [6, 5.5, 7, 6], "texture": "#0"},
				"south": {"uv": [7, 5.25, 7.5, 5.75], "texture": "#0"},
				"west": {"uv": [6, 6, 7, 6.5], "texture": "#0"},
				"up": {"uv": [6.75, 2.5, 6.25, 1.5], "texture": "#0"},
				"down": {"uv": [6.75, 3, 6.25, 4], "texture": "#0"}
			}
		},
		{
			"from": [6.5, 21.4, -14.75],
			"to": [7.5, 26.4, -12.05],
			"rotation": {"angle": 45, "axis": "x", "origin": [6, 20, -12]},
			"faces": {
				"north": {"uv": [2, 7, 2.25, 8.25], "texture": "#0"},
				"east": {"uv": [4, 2.5, 4.75, 3.75], "texture": "#0"},
				"south": {"uv": [2.25, 7, 2.5, 8.25], "texture": "#0"},
				"west": {"uv": [4, 3.75, 4.75, 5], "texture": "#0"},
				"up": {"uv": [3.75, 8.25, 3.5, 7.5], "texture": "#0"},
				"down": {"uv": [7.75, 3.5, 7.5, 4.25], "texture": "#0"}
			}
		},
		{
			"from": [6.1, 19, 12],
			"to": [7.9, 23, 13],
			"rotation": {"angle": -22.5, "axis": "x", "origin": [6, 22, 11]},
			"faces": {
				"north": {"uv": [3.5, 6.5, 4, 7.5], "texture": "#0"},
				"east": {"uv": [7, 5.75, 7.25, 6.75], "texture": "#0"},
				"south": {"uv": [4, 6.5, 4.5, 7.5], "texture": "#0"},
				"west": {"uv": [7, 6.75, 7.25, 7.75], "texture": "#0"},
				"up": {"uv": [6.25, 4.5, 5.75, 4.25], "texture": "#0"},
				"down": {"uv": [8.25, 0.75, 7.75, 1], "texture": "#0"}
			}
		}
	],
	"display": {
		"thirdperson_righthand": {
			"rotation": [55, 0, 0],
			"translation": [1.25, -0.5, 5]
		},
		"thirdperson_lefthand": {
			"rotation": [55, 0, 0],
			"translation": [-1.25, -0.5, 5]
		},
		"firstperson_righthand": {
			"rotation": [-17, -15, 0],
			"translation": [2, -1, 2.75]
		},
		"firstperson_lefthand": {
			"rotation": [-17, -15, 0],
			"translation": [2, -1, 2.75]
		},
		"ground": {
			"rotation": [44, 0, 0],
			"translation": [0, 12, 0]
		},
		"gui": {
			"rotation": [0, -90, 0],
			"translation": [-1.75, 0, 0],
			"scale": [0.34, 0.34, 0.34]
		},
		"fixed": {
			"rotation": [0, 90, 0],
			"translation": [3, 0, 0],
			"scale": [0.36, 0.36, 0.36]
		}
	}
}