{
	"credit": "Made with Blockbench",
	"textures": {
		"0": "item/connector_blocker",
		"particle": "item/connector_blocker"
	},
	"elements": [
		{
			"from": [-10, 8, 0],
			"to": [26, 26, 2],
			"rotation": {"angle": 0, "axis": "y", "origin": [-9, 8, 0]},
			"faces": {
				"north": {"uv": [0, 0, 16, 16], "texture": "#0"},
				"east": {"uv": [0, 0, 2, 16], "texture": "#0"},
				"south": {"uv": [0, 0, 16, 16], "texture": "#0"},
				"west": {"uv": [0, 0, 2, 16], "texture": "#0"},
				"up": {"uv": [0, 0, 16, 0], "texture": "#0"},
				"down": {"uv": [0, 14, 16, 16], "texture": "#0"}
			}
		}
	],
	"gui_light": "front",
	"display": {
		"gui": {
			"rotation": [0, 180, 0],
			"translation": [0, 0, -80],
			"scale": [1.01, 1.01, 1.01]
		}
	}
}