{
	"textures": {
		"1": "item/connector",
		"particle": "item/connector"
	},
	"elements": [
		{
			"from": [6, -10, 8],
			"to": [10, 8, 8],
			"rotation": {"angle": 0, "axis": "y", "origin": [8, 8, -3]},
			"faces": {
				"north": {"uv": [0, 0, 16, 16], "texture": "#1"},
				"east": {"uv": [0, 0, 1, 16], "texture": "#1"},
				"south": {"uv": [0, 0, 16, 16], "texture": "#1"},
				"west": {"uv": [15, 0, 16, 16], "texture": "#1"},
				"up": {"uv": [0, 0, 16, 1], "texture": "#1"},
				"down": {"uv": [0, 15, 16, 16], "texture": "#1"}
			}
		},
		{
			"from": [6, 8, 8],
			"to": [10, 26, 8],
			"rotation": {"angle": 0, "axis": "y", "origin": [8, 8, -3]},
			"faces": {
				"north": {"uv": [0, 0, 16, 16], "texture": "#1"},
				"east": {"uv": [0, 0, 1, 16], "texture": "#1"},
				"south": {"uv": [0, 0, 16, 16], "texture": "#1"},
				"west": {"uv": [15, 0, 16, 16], "texture": "#1"},
				"up": {"uv": [0, 0, 16, 1], "texture": "#1"},
				"down": {"uv": [0, 15, 16, 16], "texture": "#1"}
			}
		},
		{
			"from": [8, 6, 8],
			"to": [26, 10, 8],
			"rotation": {"angle": 0, "axis": "z", "origin": [8, 8, -3]},
			"faces": {
				"north": {"uv": [0, 0, 16, 16], "rotation": 270, "texture": "#1"},
				"east": {"uv": [0, 0, 16, 1], "rotation": 90, "texture": "#1"},
				"south": {"uv": [0, 0, 16, 16], "rotation": 90, "texture": "#1"},
				"west": {"uv": [0, 15, 16, 16], "rotation": 90, "texture": "#1"},
				"up": {"uv": [15, 0, 16, 16], "rotation": 90, "texture": "#1"},
				"down": {"uv": [0, 0, 1, 16], "rotation": 90, "texture": "#1"}
			}
		}
	],
"gui_light": "front",
	"display": {
		"gui": {
			"rotation": [0, 180, 0],
			"translation": [0, 0, -2]
		}
	}}