{
	"textures": {
		"0": "item/connectorleftright"
	},
	"elements": [
		{
			"from": [-1, -1, -3],
			"to": [17, 17, -2.5],
			"faces": {
				"north": {"uv": [0, 0, 16, 16], "texture": "#0"},
				"east": {"uv": [0, 0, 1, 16], "texture": "#0"},
				"south": {"uv": [0, 0, 16, 16], "texture": "#0"},
				"west": {"uv": [15, 0, 16, 16], "texture": "#0"},
				"up": {"uv": [0, 0, 16, 1], "texture": "#0"},
				"down": {"uv": [0, 15, 16, 16], "texture": "#0"}
			}
		}
	],
	"gui_light": "front",
	"display": {
		"gui": {
			"scale": [1.873, 1.873, 1.873]
		}
	}
}