{
	"credit": "Made with Blockbench",
	"textures": {
		"1": "item/connector",
		"particle": "item/connector"
	},
	"elements": [
		{
			"from": [6, 8, -3],
			"to": [10, 26, -3],
			"rotation": {"angle": 0, "axis": "y", "origin": [8, 8, -3]},
			"faces": {
				"north": {"uv": [0, 0, 16, 16], "texture": "#1"},
				"east": {"uv": [0, 0, 1, 16], "texture": "#1"},
				"south": {"uv": [0, 0, 16, 16], "texture": "#1"},
				"west": {"uv": [15, 0, 16, 16], "texture": "#1"},
				"up": {"uv": [0, 0, 16, 1], "texture": "#1"},
				"down": {"uv": [0, 15, 16, 16], "texture": "#1"}
			}
		}
	],
	"gui_light": "front"
}