{"providers":[
	{"file":"methanium:font/nsp.png","chars":["\uE18D"],"height":-200,"ascent":-2000,"type":"bitmap"},
	{"file":"methanium:font/nsp.png","chars":["\uE18E"],"height":-3,"ascent":-2000,"type":"bitmap"},
	{"file":"methanium:font/nsp.png","chars":["\uE18F"],"height":-256,"ascent":-2000,"type":"bitmap"},
	{"file":"methanium:font/nsp.png","chars":["\uE190"],"height":-50,"ascent":-2000,"type":"bitmap"},
	{"file":"methanium:font/skilltreegui.png","chars":["\uE191"],"height":256,"ascent":47,"type":"bitmap"},
	{"file":"methanium:font/backpackgui.png","chars":["\uE192"],"height":256,"ascent":47,"type":"bitmap"},
	{"file":"methanium:font/backpackguimax.png","chars":["\uE193"],"height":256,"ascent":47,"type":"bitmap"},
	
	{"file":"methanium:font/shop_selection.png","chars":["\uE194"],"height":256,"ascent":47,"type":"bitmap"},
	{"file":"methanium:font/shop_sell.png","chars":["\uE195"],"height":256,"ascent":47,"type":"bitmap"},
	{"file":"methanium:font/shop_generic.png","chars":["\uE196"],"height":256,"ascent":47,"type":"bitmap"},
	{"file":"methanium:font/shop_buy_one.png","chars":["\uE197"],"height":256,"ascent":47,"type":"bitmap"},
	
	{"file":"methanium:font/icon_standart.png","chars":["\uE200"],"height":256,"ascent":47,"type":"bitmap"},
	{"file":"methanium:font/icon_fish.png","chars":["\uE201"],"height":256,"ascent":47,"type":"bitmap"},
	{"file":"methanium:font/icon_tpa.png","chars":["\uE202"],"height":256,"ascent":47,"type":"bitmap"},
	{"file":"methanium:font/icon_claim.png","chars":["\uE203"],"height":256,"ascent":47,"type":"bitmap"},
	{"file":"methanium:font/icon_warps.png","chars":["\uE204"],"height":256,"ascent":47,"type":"bitmap"},
	{"file":"methanium:font/icon_bosses.png","chars":["\uE205"],"height":256,"ascent":47,"type":"bitmap"},
	{"file":"methanium:font/icon_economy.png","chars":["\uE206"],"height":256,"ascent":47,"type":"bitmap"},
	{"file":"methanium:font/icon_skill.png","chars":["\uE207"],"height":256,"ascent":47,"type":"bitmap"},
	
	
	{"file":"methanium:font/quiver_totem.png","chars":["\uE250"],"height":256,"ascent":47,"type":"bitmap"},
	{"file":"methanium:font/quiver_arrows.png","chars":["\uE251"],"height":256,"ascent":47,"type":"bitmap"}
]}