{"providers":[
	{"file":"methanium:font/nsp.png","chars":["\uE18D"],"height":-200,"ascent":-2000,"type":"bitmap"},
	{"file":"methanium:font/nsp.png","chars":["\uE18E"],"height":-3,"ascent":-2000,"type":"bitmap"},
	{"file":"methanium:font/nsp.png","chars":["\uE18F"],"height":-259,"ascent":-2000,"type":"bitmap"},
	{"file":"methanium:font/nsp.png","chars":["\uE190"],"height":-50,"ascent":-2000,"type":"bitmap"},
	{"file":"methanium:font/skilltreegui.png","chars":["\uE191"],"height":256,"ascent":47,"type":"bitmap"},
	{"file":"methanium:font/backpackgui.png","chars":["\uE192"],"height":256,"ascent":47,"type":"bitmap"},
	{"file":"methanium:font/backpackguimax.png","chars":["\uE193"],"height":256,"ascent":47,"type":"bitmap"},
	
	{"file":"methanium:font/shop_selection.png","chars":["\uE194"],"height":256,"ascent":47,"type":"bitmap"},
	{"file":"methanium:font/shop_sell.png","chars":["\uE195"],"height":256,"ascent":47,"type":"bitmap"},
	{"file":"methanium:font/shop_generic.png","chars":["\uE196"],"height":256,"ascent":47,"type":"bitmap"},
	{"file":"methanium:font/shop_buy_one.png","chars":["\uE197"],"height":256,"ascent":47,"type":"bitmap"},
	
	{"file":"methanium:font/icon_standart.png","chars":["\uE200"],"height":256,"ascent":47,"type":"bitmap"},
	{"file":"methanium:font/icon_fish.png","chars":["\uE201"],"height":256,"ascent":47,"type":"bitmap"},
	{"file":"methanium:font/icon_tpa.png","chars":["\uE202"],"height":256,"ascent":47,"type":"bitmap"},
	{"file":"methanium:font/icon_claim.png","chars":["\uE203"],"height":256,"ascent":47,"type":"bitmap"},
	{"file":"methanium:font/icon_warps.png","chars":["\uE204"],"height":256,"ascent":47,"type":"bitmap"},
	{"file":"methanium:font/icon_bosses.png","chars":["\uE205"],"height":256,"ascent":47,"type":"bitmap"},
	{"file":"methanium:font/icon_economy.png","chars":["\uE206"],"height":256,"ascent":47,"type":"bitmap"},
	{"file":"methanium:font/icon_skill.png","chars":["\uE207"],"height":256,"ascent":47,"type":"bitmap"},
	
	
	{"file":"methanium:font/quiver_totem.png","chars":["\uE250"],"height":256,"ascent":47,"type":"bitmap"},
	{"file":"methanium:font/quiver_arrows.png","chars":["\uE251"],"height":256,"ascent":47,"type":"bitmap"},
	
	{"file":"methanium:font/frame.png","chars":["\uE270"],"height":256,"ascent":47,"type":"bitmap"},
		
	{"file":"methanium:font/abilities/pulltest0001.png", "chars":["\uE300"],"height":256, "ascent":47, "type":"bitmap"},
	{"file":"methanium:font/abilities/pulltest0002.png", "chars":["\uE301"],"height":256, "ascent":47, "type":"bitmap"},
	{"file":"methanium:font/abilities/pulltest0003.png", "chars":["\uE302"],"height":256, "ascent":47, "type":"bitmap"},
	{"file":"methanium:font/abilities/pulltest0004.png", "chars":["\uE303"],"height":256, "ascent":47, "type":"bitmap"},
	{"file":"methanium:font/abilities/pulltest0005.png", "chars":["\uE304"],"height":256, "ascent":47, "type":"bitmap"},
	{"file":"methanium:font/abilities/pulltest0006.png", "chars":["\uE305"],"height":256, "ascent":47, "type":"bitmap"},
	{"file":"methanium:font/abilities/pulltest0007.png", "chars":["\uE306"],"height":256, "ascent":47, "type":"bitmap"},
	{"file":"methanium:font/abilities/pulltest0008.png", "chars":["\uE307"],"height":256, "ascent":47, "type":"bitmap"},
	{"file":"methanium:font/abilities/pulltest0009.png", "chars":["\uE308"],"height":256, "ascent":47, "type":"bitmap"},
	{"file":"methanium:font/abilities/pulltest0010.png", "chars":["\uE309"],"height":256, "ascent":47, "type":"bitmap"},
	{"file":"methanium:font/abilities/pulltest0011.png", "chars":["\uE30a"],"height":256, "ascent":47, "type":"bitmap"},
	{"file":"methanium:font/abilities/pulltest0012.png", "chars":["\uE30b"],"height":256, "ascent":47, "type":"bitmap"},
	{"file":"methanium:font/abilities/pulltest0013.png", "chars":["\uE30c"],"height":256, "ascent":47, "type":"bitmap"},
	{"file":"methanium:font/abilities/pulltest0014.png", "chars":["\uE30d"],"height":256, "ascent":47, "type":"bitmap"},
	{"file":"methanium:font/abilities/pulltest0015.png", "chars":["\uE30e"],"height":256, "ascent":47, "type":"bitmap"},
	{"file":"methanium:font/abilities/pulltest0016.png", "chars":["\uE30f"],"height":256, "ascent":47, "type":"bitmap"},
	{"file":"methanium:font/abilities/pulltest0017.png", "chars":["\uE310"],"height":256, "ascent":47, "type":"bitmap"},
	{"file":"methanium:font/abilities/pulltest0018.png", "chars":["\uE311"],"height":256, "ascent":47, "type":"bitmap"},
	{"file":"methanium:font/abilities/pulltest0019.png", "chars":["\uE312"],"height":256, "ascent":47, "type":"bitmap"},
	{"file":"methanium:font/abilities/pulltest0020.png", "chars":["\uE313"],"height":256, "ascent":47, "type":"bitmap"},
	{"file":"methanium:font/abilities/pulltest0021.png", "chars":["\uE314"],"height":256, "ascent":47, "type":"bitmap"},
	{"file":"methanium:font/abilities/pulltest0022.png", "chars":["\uE315"],"height":256, "ascent":47, "type":"bitmap"},
	{"file":"methanium:font/abilities/pulltest0023.png", "chars":["\uE316"],"height":256, "ascent":47, "type":"bitmap"},
	{"file":"methanium:font/abilities/pulltest0024.png", "chars":["\uE317"],"height":256, "ascent":47, "type":"bitmap"},
	{"file":"methanium:font/abilities/pulltest0025.png", "chars":["\uE318"],"height":256, "ascent":47, "type":"bitmap"},
	{"file":"methanium:font/abilities/pulltest0026.png", "chars":["\uE319"],"height":256, "ascent":47, "type":"bitmap"},
	{"file":"methanium:font/abilities/pulltest0027.png", "chars":["\uE31a"],"height":256, "ascent":47, "type":"bitmap"},
	{"file":"methanium:font/abilities/pulltest0028.png", "chars":["\uE31b"],"height":256, "ascent":47, "type":"bitmap"},
	{"file":"methanium:font/abilities/pulltest0029.png", "chars":["\uE31c"],"height":256, "ascent":47, "type":"bitmap"},
	{"file":"methanium:font/abilities/pulltest0030.png", "chars":["\uE31d"],"height":256, "ascent":47, "type":"bitmap"},
	{"file":"methanium:font/abilities/pulltest0031.png", "chars":["\uE31e"],"height":256, "ascent":47, "type":"bitmap"},
	{"file":"methanium:font/abilities/pulltest0032.png", "chars":["\uE31f"],"height":256, "ascent":47, "type":"bitmap"},
	{"file":"methanium:font/abilities/pulltest0033.png", "chars":["\uE320"],"height":256, "ascent":47, "type":"bitmap"},
	{"file":"methanium:font/abilities/pulltest0034.png", "chars":["\uE321"],"height":256, "ascent":47, "type":"bitmap"},
	{"file":"methanium:font/abilities/pulltest0035.png", "chars":["\uE322"],"height":256, "ascent":47, "type":"bitmap"},
	{"file":"methanium:font/abilities/pulltest0036.png", "chars":["\uE323"],"height":256, "ascent":47, "type":"bitmap"},
	{"file":"methanium:font/abilities/pulltest0037.png", "chars":["\uE324"],"height":256, "ascent":47, "type":"bitmap"},
	{"file":"methanium:font/abilities/pulltest0038.png", "chars":["\uE325"],"height":256, "ascent":47, "type":"bitmap"},
	{"file":"methanium:font/abilities/pulltest0039.png", "chars":["\uE326"],"height":256, "ascent":47, "type":"bitmap"},
	{"file":"methanium:font/abilities/pulltest0040.png", "chars":["\uE327"],"height":256, "ascent":47, "type":"bitmap"},
	{"file":"methanium:font/abilities/pulltest0041.png", "chars":["\uE328"],"height":256, "ascent":47, "type":"bitmap"},
	{"file":"methanium:font/abilities/pulltest0042.png", "chars":["\uE329"],"height":256, "ascent":47, "type":"bitmap"},
	{"file":"methanium:font/abilities/pulltest0043.png", "chars":["\uE32a"],"height":256, "ascent":47, "type":"bitmap"},
	{"file":"methanium:font/abilities/pulltest0044.png", "chars":["\uE32b"],"height":256, "ascent":47, "type":"bitmap"},
	{"file":"methanium:font/abilities/pulltest0045.png", "chars":["\uE32c"],"height":256, "ascent":47, "type":"bitmap"},
	{"file":"methanium:font/abilities/pulltest0046.png", "chars":["\uE32d"],"height":256, "ascent":47, "type":"bitmap"},
	{"file":"methanium:font/abilities/pulltest0047.png", "chars":["\uE32e"],"height":256, "ascent":47, "type":"bitmap"},
	{"file":"methanium:font/abilities/pulltest0048.png", "chars":["\uE32f"],"height":256, "ascent":47, "type":"bitmap"},
	{"file":"methanium:font/abilities/pulltest0049.png", "chars":["\uE330"],"height":256, "ascent":47, "type":"bitmap"},
	{"file":"methanium:font/abilities/pulltest0050.png", "chars":["\uE331"],"height":256, "ascent":47, "type":"bitmap"},
	{"file":"methanium:font/abilities/pulltest0051.png", "chars":["\uE332"],"height":256, "ascent":47, "type":"bitmap"},
	{"file":"methanium:font/abilities/pulltest0052.png", "chars":["\uE333"],"height":256, "ascent":47, "type":"bitmap"},
	{"file":"methanium:font/abilities/pulltest0053.png", "chars":["\uE334"],"height":256, "ascent":47, "type":"bitmap"},
	{"file":"methanium:font/abilities/pulltest0054.png", "chars":["\uE335"],"height":256, "ascent":47, "type":"bitmap"},
	{"file":"methanium:font/abilities/pulltest0055.png", "chars":["\uE336"],"height":256, "ascent":47, "type":"bitmap"},
	{"file":"methanium:font/abilities/pulltest0056.png", "chars":["\uE337"],"height":256, "ascent":47, "type":"bitmap"},
	{"file":"methanium:font/abilities/pulltest0057.png", "chars":["\uE338"],"height":256, "ascent":47, "type":"bitmap"},
	{"file":"methanium:font/abilities/pulltest0058.png", "chars":["\uE339"],"height":256, "ascent":47, "type":"bitmap"},
	{"file":"methanium:font/abilities/pulltest0059.png", "chars":["\uE33a"],"height":256, "ascent":47, "type":"bitmap"},
	{"file":"methanium:font/abilities/pulltest0060.png", "chars":["\uE33b"],"height":256, "ascent":47, "type":"bitmap"},
	{"file":"methanium:font/abilities/pulltest0061.png", "chars":["\uE33c"],"height":256, "ascent":47, "type":"bitmap"},
	{"file":"methanium:font/abilities/pulltest0062.png", "chars":["\uE33d"],"height":256, "ascent":47, "type":"bitmap"},
	{"file":"methanium:font/abilities/pulltest0063.png", "chars":["\uE33e"],"height":256, "ascent":47, "type":"bitmap"},
	{"file":"methanium:font/abilities/pulltest0064.png", "chars":["\uE33f"],"height":256, "ascent":47, "type":"bitmap"},
	{"file":"methanium:font/abilities/pulltest0065.png", "chars":["\uE340"],"height":256, "ascent":47, "type":"bitmap"},
	{"file":"methanium:font/abilities/pulltest0066.png", "chars":["\uE341"],"height":256, "ascent":47, "type":"bitmap"},
	{"file":"methanium:font/abilities/pulltest0067.png", "chars":["\uE342"],"height":256, "ascent":47, "type":"bitmap"},
	{"file":"methanium:font/abilities/pulltest0068.png", "chars":["\uE343"],"height":256, "ascent":47, "type":"bitmap"},
	{"file":"methanium:font/abilities/pulltest0069.png", "chars":["\uE344"],"height":256, "ascent":47, "type":"bitmap"},
	{"file":"methanium:font/abilities/pulltest0070.png", "chars":["\uE345"],"height":256, "ascent":47, "type":"bitmap"},
	{"file":"methanium:font/abilities/pulltest0071.png", "chars":["\uE346"],"height":256, "ascent":47, "type":"bitmap"},
	{"file":"methanium:font/abilities/pulltest0072.png", "chars":["\uE347"],"height":256, "ascent":47, "type":"bitmap"},
	{"file":"methanium:font/abilities/pulltest0073.png", "chars":["\uE348"],"height":256, "ascent":47, "type":"bitmap"},
	{"file":"methanium:font/abilities/pulltest0074.png", "chars":["\uE349"],"height":256, "ascent":47, "type":"bitmap"},
	{"file":"methanium:font/abilities/pulltest0075.png", "chars":["\uE34a"],"height":256, "ascent":47, "type":"bitmap"},
	{"file":"methanium:font/abilities/pulltest0076.png", "chars":["\uE34b"],"height":256, "ascent":47, "type":"bitmap"},
	{"file":"methanium:font/abilities/pulltest0077.png", "chars":["\uE34c"],"height":256, "ascent":47, "type":"bitmap"},
	{"file":"methanium:font/abilities/pulltest0078.png", "chars":["\uE34d"],"height":256, "ascent":47, "type":"bitmap"},
	{"file":"methanium:font/abilities/pulltest0079.png", "chars":["\uE34e"],"height":256, "ascent":47, "type":"bitmap"},
	{"file":"methanium:font/abilities/pulltest0080.png", "chars":["\uE34f"],"height":256, "ascent":47, "type":"bitmap"},
	{"file":"methanium:font/abilities/pulltest0081.png", "chars":["\uE350"],"height":256, "ascent":47, "type":"bitmap"},
	{"file":"methanium:font/abilities/pulltest0082.png", "chars":["\uE351"],"height":256, "ascent":47, "type":"bitmap"},
	{"file":"methanium:font/abilities/pulltest0083.png", "chars":["\uE352"],"height":256, "ascent":47, "type":"bitmap"},
	{"file":"methanium:font/abilities/pulltest0084.png", "chars":["\uE353"],"height":256, "ascent":47, "type":"bitmap"},
	{"file":"methanium:font/abilities/pulltest0085.png", "chars":["\uE354"],"height":256, "ascent":47, "type":"bitmap"},
	{"file":"methanium:font/abilities/pulltest0086.png", "chars":["\uE355"],"height":256, "ascent":47, "type":"bitmap"},
	{"file":"methanium:font/abilities/pulltest0087.png", "chars":["\uE356"],"height":256, "ascent":47, "type":"bitmap"},
	{"file":"methanium:font/abilities/pulltest0088.png", "chars":["\uE357"],"height":256, "ascent":47, "type":"bitmap"},
	{"file":"methanium:font/abilities/pulltest0089.png", "chars":["\uE358"],"height":256, "ascent":47, "type":"bitmap"},
	{"file":"methanium:font/abilities/pulltest0090.png", "chars":["\uE359"],"height":256, "ascent":47, "type":"bitmap"},
	{"file":"methanium:font/abilities/pulltest0091.png", "chars":["\uE35a"],"height":256, "ascent":47, "type":"bitmap"},
	{"file":"methanium:font/abilities/pulltest0092.png", "chars":["\uE35b"],"height":256, "ascent":47, "type":"bitmap"},
	{"file":"methanium:font/abilities/pulltest0093.png", "chars":["\uE35c"],"height":256, "ascent":47, "type":"bitmap"},
	{"file":"methanium:font/abilities/pulltest0094.png", "chars":["\uE35d"],"height":256, "ascent":47, "type":"bitmap"},
	{"file":"methanium:font/abilities/pulltest0095.png", "chars":["\uE35e"],"height":256, "ascent":47, "type":"bitmap"},
	{"file":"methanium:font/abilities/pulltest0096.png", "chars":["\uE35f"],"height":256, "ascent":47, "type":"bitmap"},
	{"file":"methanium:font/abilities/pulltest0097.png", "chars":["\uE360"],"height":256, "ascent":47, "type":"bitmap"},
	{"file":"methanium:font/abilities/pulltest0098.png", "chars":["\uE361"],"height":256, "ascent":47, "type":"bitmap"},
	{"file":"methanium:font/abilities/pulltest0099.png", "chars":["\uE362"],"height":256, "ascent":47, "type":"bitmap"},
	{"file":"methanium:font/abilities/pulltest0100.png", "chars":["\uE363"],"height":256, "ascent":47, "type":"bitmap"},
	{"file":"methanium:font/abilities/pulltest0101.png", "chars":["\uE364"],"height":256, "ascent":47, "type":"bitmap"},
	{"file":"methanium:font/abilities/pulltest0102.png", "chars":["\uE365"],"height":256, "ascent":47, "type":"bitmap"},
	{"file":"methanium:font/abilities/pulltest0103.png", "chars":["\uE366"],"height":256, "ascent":47, "type":"bitmap"},
	{"file":"methanium:font/abilities/pulltest0104.png", "chars":["\uE367"],"height":256, "ascent":47, "type":"bitmap"},
	{"file":"methanium:font/abilities/pulltest0105.png", "chars":["\uE368"],"height":256, "ascent":47, "type":"bitmap"},
	{"file":"methanium:font/abilities/pulltest0106.png", "chars":["\uE369"],"height":256, "ascent":47, "type":"bitmap"},
	{"file":"methanium:font/abilities/pulltest0107.png", "chars":["\uE36a"],"height":256, "ascent":47, "type":"bitmap"},
	{"file":"methanium:font/abilities/pulltest0108.png", "chars":["\uE36b"],"height":256, "ascent":47, "type":"bitmap"},
	{"file":"methanium:font/abilities/pulltest0109.png", "chars":["\uE36c"],"height":256, "ascent":47, "type":"bitmap"},
	{"file":"methanium:font/abilities/pulltest0110.png", "chars":["\uE36d"],"height":256, "ascent":47, "type":"bitmap"},
	{"file":"methanium:font/abilities/pulltest0111.png", "chars":["\uE36e"],"height":256, "ascent":47, "type":"bitmap"},
	{"file":"methanium:font/abilities/pulltest0112.png", "chars":["\uE36f"],"height":256, "ascent":47, "type":"bitmap"},
	{"file":"methanium:font/abilities/pulltest0113.png", "chars":["\uE370"],"height":256, "ascent":47, "type":"bitmap"},
	{"file":"methanium:font/abilities/pulltest0114.png", "chars":["\uE371"],"height":256, "ascent":47, "type":"bitmap"},
	{"file":"methanium:font/abilities/pulltest0115.png", "chars":["\uE372"],"height":256, "ascent":47, "type":"bitmap"},
	{"file":"methanium:font/abilities/pulltest0116.png", "chars":["\uE373"],"height":256, "ascent":47, "type":"bitmap"},
	{"file":"methanium:font/abilities/pulltest0117.png", "chars":["\uE374"],"height":256, "ascent":47, "type":"bitmap"},
	{"file":"methanium:font/abilities/pulltest0118.png", "chars":["\uE375"],"height":256, "ascent":47, "type":"bitmap"},
	{"file":"methanium:font/abilities/pulltest0119.png", "chars":["\uE376"],"height":256, "ascent":47, "type":"bitmap"},
	{"file":"methanium:font/abilities/pulltest0120.png", "chars":["\uE377"],"height":256, "ascent":47, "type":"bitmap"},
	{"file":"methanium:font/abilities/pulltest0121.png", "chars":["\uE378"],"height":256, "ascent":47, "type":"bitmap"},
	{"file":"methanium:font/abilities/pulltest0122.png", "chars":["\uE379"],"height":256, "ascent":47, "type":"bitmap"},
	{"file":"methanium:font/abilities/pulltest0123.png", "chars":["\uE37a"],"height":256, "ascent":47, "type":"bitmap"},
	{"file":"methanium:font/abilities/pulltest0124.png", "chars":["\uE37b"],"height":256, "ascent":47, "type":"bitmap"},
	{"file":"methanium:font/abilities/pulltest0125.png", "chars":["\uE37c"],"height":256, "ascent":47, "type":"bitmap"},
	{"file":"methanium:font/abilities/pulltest0126.png", "chars":["\uE37d"],"height":256, "ascent":47, "type":"bitmap"},
	{"file":"methanium:font/abilities/pulltest0127.png", "chars":["\uE37e"],"height":256, "ascent":47, "type":"bitmap"},
	{"file":"methanium:font/abilities/pulltest0128.png", "chars":["\uE37f"],"height":256, "ascent":47, "type":"bitmap"},
	{"file":"methanium:font/abilities/pulltest0129.png", "chars":["\uE380"],"height":256, "ascent":47, "type":"bitmap"},
	{"file":"methanium:font/abilities/pulltest0130.png", "chars":["\uE381"],"height":256, "ascent":47, "type":"bitmap"},
	{"file":"methanium:font/abilities/pulltest0131.png", "chars":["\uE382"],"height":256, "ascent":47, "type":"bitmap"},
	{"file":"methanium:font/abilities/pulltest0132.png", "chars":["\uE383"],"height":256, "ascent":47, "type":"bitmap"},
	{"file":"methanium:font/abilities/pulltest0133.png", "chars":["\uE384"],"height":256, "ascent":47, "type":"bitmap"},
	{"file":"methanium:font/abilities/pulltest0134.png", "chars":["\uE385"],"height":256, "ascent":47, "type":"bitmap"},
	{"file":"methanium:font/abilities/pulltest0135.png", "chars":["\uE386"],"height":256, "ascent":47, "type":"bitmap"},
	{"file":"methanium:font/abilities/pulltest0136.png", "chars":["\uE387"],"height":256, "ascent":47, "type":"bitmap"},
	{"file":"methanium:font/abilities/pulltest0137.png", "chars":["\uE388"],"height":256, "ascent":47, "type":"bitmap"},
	{"file":"methanium:font/abilities/pulltest0138.png", "chars":["\uE389"],"height":256, "ascent":47, "type":"bitmap"},
	{"file":"methanium:font/abilities/pulltest0139.png", "chars":["\uE38a"],"height":256, "ascent":47, "type":"bitmap"},
	{"file":"methanium:font/abilities/pulltest0140.png", "chars":["\uE38b"],"height":256, "ascent":47, "type":"bitmap"}
]}