{
	"credit": "Made with Blockbench",
	"textures": {
		"layer0": "item/selection_shop"
	},
	"elements": [
		{
			"from": [0, 0, 7.5],
			"to": [16, 16, 8.5],
			"rotation": {"angle": 0, "axis": "y", "origin": [-1, 2, 0]},
			"faces": {
				"north": {"uv": [0, 0, 16, 16], "texture": "#layer0"},
				"east": {"uv": [0, 0, 1, 16], "texture": "#layer0"},
				"south": {"uv": [0, 0, 16, 16], "texture": "#layer0"},
				"west": {"uv": [0, 0, 1, 16], "texture": "#layer0"},
				"up": {"uv": [0, 0, 16, 1], "texture": "#layer0"},
				"down": {"uv": [0, 0, 16, 1], "texture": "#layer0"}
			}
		}
	],
	"gui_light": "front"
}