{
	"credit": "Made with Blockbench",
	"textures": {
		"1": "block/spawner",
		"layer0": "item/skills_mining_silkspawners",
		"particle": "block/spawner"
	},
	"elements": [
		{
			"from": [-1, -1, 7.5],
			"to": [17, 17, 8.5],
			"faces": {
				"north": {"uv": [0, 0, 16, 16], "texture": "#layer0"},
				"east": {"uv": [0, 0, 1, 16], "texture": "#layer0"},
				"south": {"uv": [0, 0, 16, 16], "texture": "#layer0"},
				"west": {"uv": [0, 0, 1, 16], "texture": "#layer0"},
				"up": {"uv": [0, 0, 16, 1], "texture": "#layer0"},
				"down": {"uv": [0, 0, 16, 1], "texture": "#layer0"}
			}
		},
		{
			"from": [2, 2, 7],
			"to": [14, 14, 15],
			"rotation": {"angle": 0, "axis": "y", "origin": [8, 1, 8]},
			"faces": {
				"north": {"uv": [0, 0, 16, 16], "texture": "#1"},
				"east": {"uv": [0, 0, 16, 16], "texture": "#1"},
				"south": {"uv": [0, 0, 16, 16], "texture": "#1"},
				"west": {"uv": [0, 0, 16, 16], "texture": "#1"},
				"up": {"uv": [0, 0, 16, 16], "rotation": 270, "texture": "#1"},
				"down": {"uv": [0, 0, 16, 16], "rotation": 90, "texture": "#1"}
			}
		}
	],
	"gui_light": "front",
	"display": {}
}