{
	"texture_size": [48, 48],
	"parent": "item/generated",
	"textures": {
		"layer0": "item/bosses_wardensword"
	},
	"elements": [
		{
			"from": [7, 0, 7],
			"to": [9, 6, 9],
			"rotation": {"angle": 0, "axis": "y", "origin": [9, 0, 7]},
			"faces": {
				"north": {"uv": [7.66667, 1.33333, 8.33333, 3.33333], "texture": "#0"},
				"east": {"uv": [7.66667, 3.33333, 8.33333, 5.33333], "texture": "#0"},
				"south": {"uv": [8.33333, 1.33333, 9, 3.33333], "texture": "#0"},
				"west": {"uv": [8.33333, 3.33333, 9, 5.33333], "texture": "#0"},
				"up": {"uv": [6.66667, 10.33333, 6, 9.66667], "texture": "#0"},
				"down": {"uv": [10.66667, 2.66667, 10, 3.33333], "texture": "#0"}
			}
		},
		{
			"from": [6, 6, 3],
			"to": [10, 8, 13],
			"rotation": {"angle": 0, "axis": "y", "origin": [8, 6, 9]},
			"faces": {
				"north": {"uv": [9, 4.66667, 10.33333, 5.33333], "texture": "#0"},
				"east": {"uv": [7.33333, 5.33333, 10.66667, 6], "texture": "#0"},
				"south": {"uv": [9, 6.66667, 10.33333, 7.33333], "texture": "#0"},
				"west": {"uv": [7.33333, 6, 10.66667, 6.66667], "texture": "#0"},
				"up": {"uv": [2.66667, 9, 1.33333, 5.66667], "texture": "#0"},
				"down": {"uv": [4, 5.66667, 2.66667, 9], "texture": "#0"}
			}
		},
		{
			"from": [6, 8, 8],
			"to": [6.5, 24.5, 12],
			"rotation": {"angle": 22.5, "axis": "y", "origin": [8, 8, 8]},
			"faces": {
				"north": {"uv": [8.66667, 9.33333, 8.83333, 14.83333], "texture": "#0"},
				"east": {"uv": [0, 0, 1.33333, 5.5], "texture": "#0"},
				"south": {"uv": [9, 10.66667, 9.16667, 16.16667], "texture": "#0"},
				"west": {"uv": [1.33333, 0, 2.66667, 5.5], "texture": "#0"},
				"up": {"uv": [11.83333, 3.33333, 11.66667, 2], "texture": "#0"},
				"down": {"uv": [11.83333, 3.33333, 11.66667, 4.66667], "texture": "#0"}
			}
		},
		{
			"from": [6, 8, 4],
			"to": [6.5, 24.5, 8],
			"rotation": {"angle": -22.5, "axis": "y", "origin": [8, 8, 8]},
			"faces": {
				"north": {"uv": [9.33333, 10.66667, 9.5, 16.16667], "texture": "#0"},
				"east": {"uv": [2.66667, 0, 4, 5.5], "texture": "#0"},
				"south": {"uv": [11, 10, 11.16667, 15.5], "texture": "#0"},
				"west": {"uv": [4, 0, 5.33333, 5.5], "texture": "#0"},
				"up": {"uv": [11.83333, 6, 11.66667, 4.66667], "texture": "#0"},
				"down": {"uv": [9.83333, 11.66667, 9.66667, 13], "texture": "#0"}
			}
		},
		{
			"from": [9.5, 8, 4],
			"to": [10, 24.5, 8],
			"rotation": {"angle": 22.5, "axis": "y", "origin": [8, 8, 8]},
			"faces": {
				"north": {"uv": [9.5, 10.66667, 9.33333, 16.16667], "texture": "#0"},
				"east": {"uv": [5.33333, 0, 4, 5.5], "texture": "#0"},
				"south": {"uv": [11.16667, 10, 11, 15.5], "texture": "#0"},
				"west": {"uv": [4, 0, 2.66667, 5.5], "texture": "#0"},
				"up": {"uv": [11.66667, 6, 11.83333, 4.66667], "texture": "#0"},
				"down": {"uv": [9.66667, 11.66667, 9.83333, 13], "texture": "#0"}
			}
		},
		{
			"from": [9.5, 8, 8],
			"to": [10, 24.5, 12],
			"rotation": {"angle": -22.5, "axis": "y", "origin": [8, 8, 8]},
			"faces": {
				"north": {"uv": [8.83333, 9.33333, 8.66667, 14.83333], "texture": "#0"},
				"east": {"uv": [2.66667, 0, 1.33333, 5.5], "texture": "#0"},
				"south": {"uv": [9.16667, 10.66667, 9, 16.16667], "texture": "#0"},
				"west": {"uv": [1.33333, 0, 0, 5.5], "texture": "#0"},
				"up": {"uv": [11.66667, 3.33333, 11.83333, 2], "texture": "#0"},
				"down": {"uv": [11.66667, 3.33333, 11.83333, 4.66667], "texture": "#0"}
			}
		},
		{
			"from": [6, 8, 7],
			"to": [10, 24.5, 9],
			"rotation": {"angle": 0, "axis": "y", "origin": [6, 1, 7]},
			"faces": {
				"north": {"uv": [5.33333, 0, 6.66667, 5.66667], "texture": "#0"},
				"east": {"uv": [4, 5.66667, 4.66667, 11.33333], "texture": "#0"},
				"south": {"uv": [0, 5.66667, 1.33333, 11.33333], "texture": "#0"},
				"west": {"uv": [4.66667, 5.66667, 5.33333, 11.33333], "texture": "#0"},
				"up": {"uv": [10.33333, 8, 9, 7.33333], "texture": "#0"},
				"down": {"uv": [10.66667, 0, 9.33333, 0.66667], "texture": "#0"}
			}
		},
		{
			"from": [6.5, 24.5, 7],
			"to": [9.5, 28, 9],
			"rotation": {"angle": 0, "axis": "y", "origin": [6, 1, 7]},
			"faces": {
				"north": {"uv": [5.66667, 8.33333, 6.66667, 9.66667], "texture": "#0"},
				"east": {"uv": [9.33333, 8, 10, 9.33333], "texture": "#0"},
				"south": {"uv": [8.33333, 8, 9.33333, 9.33333], "texture": "#0"},
				"west": {"uv": [8.33333, 9.33333, 9, 10.66667], "texture": "#0"},
				"up": {"uv": [10.66667, 10, 9.66667, 9.33333], "texture": "#0"},
				"down": {"uv": [11, 2, 10, 2.66667], "texture": "#0"}
			}
		},
		{
			"from": [7, 24.5, 5.5],
			"to": [9, 28, 10.5],
			"rotation": {"angle": 0, "axis": "y", "origin": [6, 1, 5.5]},
			"faces": {
				"north": {"uv": [9, 9.33333, 9.66667, 10.66667], "texture": "#0"},
				"east": {"uv": [7.33333, 6.66667, 9, 8], "texture": "#0"},
				"south": {"uv": [9.66667, 0.66667, 10.33333, 2], "texture": "#0"},
				"west": {"uv": [7.66667, 0, 9.33333, 1.33333], "texture": "#0"},
				"up": {"uv": [7.33333, 10, 6.66667, 8.33333], "texture": "#0"},
				"down": {"uv": [2, 9, 1.33333, 10.66667], "texture": "#0"}
			}
		},
		{
			"from": [7, 27.5, 7],
			"to": [9, 32, 9],
			"rotation": {"angle": 0, "axis": "y", "origin": [6.5, 5, 7]},
			"faces": {
				"north": {"uv": [9, 1.33333, 9.66667, 3], "texture": "#0"},
				"east": {"uv": [2, 9, 2.66667, 10.66667], "texture": "#0"},
				"south": {"uv": [2.66667, 9, 3.33333, 10.66667], "texture": "#0"},
				"west": {"uv": [9, 3, 9.66667, 4.66667], "texture": "#0"},
				"up": {"uv": [10.33333, 10.66667, 9.66667, 10], "texture": "#0"},
				"down": {"uv": [11, 0.66667, 10.33333, 1.33333], "texture": "#0"}
			}
		},
		{
			"from": [7.5, 24.5, 4],
			"to": [8.5, 32, 6.5],
			"rotation": {"angle": 22.5, "axis": "x", "origin": [7.5, 25.5, 4]},
			"faces": {
				"north": {"uv": [9.66667, 2, 10, 4.66667], "texture": "#0"},
				"east": {"uv": [6.66667, 0, 7.66667, 2.66667], "texture": "#0"},
				"south": {"uv": [5.66667, 9.66667, 6, 12.33333], "texture": "#0"},
				"west": {"uv": [6.66667, 2.66667, 7.66667, 5.33333], "texture": "#0"},
				"up": {"uv": [6.33333, 11.33333, 6, 10.33333], "texture": "#0"},
				"down": {"uv": [6.66667, 10.33333, 6.33333, 11.33333], "texture": "#0"}
			}
		},
		{
			"from": [7.5, 24, 8],
			"to": [8.5, 32, 10.5],
			"rotation": {"angle": -22.5, "axis": "x", "origin": [7.5, 29, 10.5]},
			"faces": {
				"north": {"uv": [3.33333, 9, 3.66667, 11.66667], "texture": "#0"},
				"east": {"uv": [5.33333, 5.66667, 6.33333, 8.33333], "texture": "#0"},
				"south": {"uv": [3.66667, 9, 4, 11.66667], "texture": "#0"},
				"west": {"uv": [6.33333, 5.66667, 7.33333, 8.33333], "texture": "#0"},
				"up": {"uv": [10.66667, 4.33333, 10.33333, 3.33333], "texture": "#0"},
				"down": {"uv": [10.66667, 4.33333, 10.33333, 5.33333], "texture": "#0"}
			}
		}
	]
}