{
	"credit": "Made with Blockbench",
	"texture_size": [64, 64],
	"textures": {
		"0": "item/bosses_wizardhat",
		"particle": "item/bosses_wizardhat"
	},
	"elements": [
		{
			"from": [1.5, 0, 1.5],
			"to": [14.5, 1, 14.5],
			"rotation": {"angle": 0, "axis": "y", "origin": [7, 0, 7]},
			"faces": {
				"north": {"uv": [6.75, 5.75, 10, 6], "texture": "#0"},
				"east": {"uv": [6.75, 6, 10, 6.25], "texture": "#0"},
				"south": {"uv": [7, 7.25, 10.25, 7.5], "texture": "#0"},
				"west": {"uv": [7, 7.5, 10.25, 7.75], "texture": "#0"},
				"up": {"uv": [3.25, 3.25, 0, 0], "texture": "#0"},
				"down": {"uv": [3.25, 3.25, 0, 6.5], "texture": "#0"}
			}
		},
		{
			"from": [3.5, 1, 3.5],
			"to": [12.5, 2.5, 12.5],
			"rotation": {"angle": 0, "axis": "y", "origin": [7, 1, 7]},
			"faces": {
				"north": {"uv": [6.75, 2.25, 9, 2.75], "texture": "#0"},
				"east": {"uv": [6.75, 2.75, 9, 3.25], "texture": "#0"},
				"south": {"uv": [6.75, 3.25, 9, 3.75], "texture": "#0"},
				"west": {"uv": [6.75, 3.75, 9, 4.25], "texture": "#0"},
				"up": {"uv": [5.5, 2.25, 3.25, 0], "texture": "#0"},
				"down": {"uv": [5.5, 2.25, 3.25, 4.5], "texture": "#0"}
			}
		},
		{
			"from": [4.5, 1.5, 4.5],
			"to": [11.5, 5.5, 11.5],
			"rotation": {"angle": -22.5, "axis": "z", "origin": [7, 2.5, 7]},
			"faces": {
				"north": {"uv": [4.5, 6.25, 6.25, 7.25], "texture": "#0"},
				"east": {"uv": [6.25, 6.25, 8, 7.25], "texture": "#0"},
				"south": {"uv": [0, 6.5, 1.75, 7.5], "texture": "#0"},
				"west": {"uv": [6.75, 0, 8.5, 1], "texture": "#0"},
				"up": {"uv": [5, 6.25, 3.25, 4.5], "texture": "#0"},
				"down": {"uv": [6.75, 4.5, 5, 6.25], "texture": "#0"}
			}
		},
		{
			"from": [5.5, 4.5, 5.5],
			"to": [10.5, 10, 10.5],
			"rotation": {"angle": -45, "axis": "z", "origin": [7, 4.5, 7]},
			"faces": {
				"north": {"uv": [5.5, 0, 6.75, 1.5], "texture": "#0"},
				"east": {"uv": [5.5, 1.5, 6.75, 3], "texture": "#0"},
				"south": {"uv": [5.5, 3, 6.75, 4.5], "texture": "#0"},
				"west": {"uv": [3.25, 6.25, 4.5, 7.75], "texture": "#0"},
				"up": {"uv": [3, 7.75, 1.75, 6.5], "texture": "#0"},
				"down": {"uv": [8, 1, 6.75, 2.25], "texture": "#0"}
			}
		},
		{
			"from": [10.5, 6, 7],
			"to": [16, 9, 9.5],
			"rotation": {"angle": 22.5, "axis": "z", "origin": [10.5, 8.5, 7]},
			"faces": {
				"north": {"uv": [9.625, 3.375, 10.875, 4.875], "rotation": 270, "texture": "#0"},
				"east": {"uv": [2.75, 10.5, 1.5, 9.25], "rotation": 90, "texture": "#0"},
				"south": {"uv": [4.25, 3, 5.5, 4.5], "rotation": 90, "texture": "#0"},
				"west": {"uv": [12, 1.75, 10.75, 3], "rotation": 90, "texture": "#0"},
				"up": {"uv": [3, 8.625, 4.25, 10.125], "rotation": 90, "texture": "#0"},
				"down": {"uv": [9.375, 0.875, 10.625, 2.375], "rotation": 90, "texture": "#0"}
			}
		},
		{
			"from": [4, 4, 7],
			"to": [5, 7, 9],
			"rotation": {"angle": -22.5, "axis": "z", "origin": [2.5, 3.5, 7]},
			"faces": {
				"north": {"uv": [6.75, 4.25, 8, 5], "rotation": 90, "texture": "#0"},
				"east": {"uv": [7, 7.25, 5.75, 8], "rotation": 270, "texture": "#0"},
				"south": {"uv": [6.75, 5, 8, 5.75], "rotation": 270, "texture": "#0"},
				"west": {"uv": [5.75, 8, 4.5, 7.25], "rotation": 270, "texture": "#0"},
				"up": {"uv": [0, 7.5, 0.75, 8.25], "rotation": 270, "texture": "#0"},
				"down": {"uv": [0.75, 7.5, 1.5, 8.25], "rotation": 270, "texture": "#0"}
			}
		},
		{
			"from": [3.5, 4.5, 7.5],
			"to": [4.5, 6.5, 8.5],
			"rotation": {"angle": -22.5, "axis": "z", "origin": [2, 3, 7]},
			"faces": {
				"north": {"uv": [8, 4.25, 9.25, 5], "rotation": 90, "texture": "#0"},
				"east": {"uv": [7, 8, 5.75, 8.75], "rotation": 270, "texture": "#0"},
				"south": {"uv": [8, 5, 9.25, 5.75], "rotation": 270, "texture": "#0"},
				"west": {"uv": [5.75, 8.75, 4.5, 8], "rotation": 270, "texture": "#0"},
				"up": {"uv": [0, 8.25, 0.75, 9], "rotation": 270, "texture": "#0"},
				"down": {"uv": [0.75, 8.25, 1.5, 9], "rotation": 270, "texture": "#0"}
			}
		}
	],
	"display": {
		"thirdperson_righthand": {
			"scale": [0.5, 1, 1]
		},
		"firstperson_righthand": {
			"scale": [0.5, 0.5, 0.5]
		},
		"firstperson_lefthand": {
			"scale": [0.5, 0.5, 0.5]
		},
		"ground": {
			"translation": [0, 4.5, 0],
			"scale": [0.5, 0.5, 0.5]
		},
		"head": {
			"rotation": [0, -90, 0],
			"translation": [0, 16, 0],
			"scale": [1.5, 1.5, 1.5]
		},
		"fixed": {
			"translation": [0, 3.25, 0]
		}
	}
}