{
	"credit": "Made with Blockbench",
	"texture_size": [64, 64],
	"textures": {
		"0": "item/bosses_warden_body",
		"particle": "item/bosses_warden_body"
	},
	"elements": [
		{
			"from": [-5.5, 0, 0],
			"to": [21.5, 26, 16],
			"rotation": {"angle": 0, "axis": "y", "origin": [7, 0, 7]},
			"faces": {
				"north": {"uv": [0, 0, 6.75, 6.5], "texture": "#0"},
				"east": {"uv": [6.75, 8, 10.75, 14.5], "texture": "#0"},
				"south": {"uv": [0, 6.5, 6.75, 13], "texture": "#0"},
				"west": {"uv": [10.75, 8, 14.75, 14.5], "texture": "#0"},
				"up": {"uv": [13.5, 4, 6.75, 0], "texture": "#0"},
				"down": {"uv": [13.5, 4, 6.75, 8], "texture": "#0"}
			}
		}
	],
	"display": {
		"head": {
			"translation": [0, -30, 0],
			"scale": [2, 2, 2]
		}
	}
}