{
	"credit": "Made with Blockbench",
	"texture_size": [64, 64],
	"textures": {
		"0": "item/bosses_warden_head",
		"particle": "item/bosses_warden_head"
	},
	"elements": [
		{
			"from": [0, 0, 0],
			"to": [16, 18, 16],
			"faces": {
				"north": {"uv": [0, 0, 4, 4.5], "texture": "#0"},
				"east": {"uv": [4, 0, 8, 4.5], "texture": "#0"},
				"south": {"uv": [0, 4.5, 4, 9], "texture": "#0"},
				"west": {"uv": [4, 4.5, 8, 9], "texture": "#0"},
				"up": {"uv": [12, 4, 8, 0], "texture": "#0"},
				"down": {"uv": [12, 4, 8, 8], "texture": "#0"}
			}
		}
	],
	"display": {
		"head": {
			"translation": [0, 9.5, 0],
			"scale": [2, 2, 2]
		}
	}
}