{
	"credit": "Made with Blockbench",
	"texture_size": [64, 64],
	"textures": {
		"1": "item/bosses_warden_right_arm",
		"2": "item/bosses_warden_right_arm_ol"
	},
	"elements": [
		{
			"from": [3.5, 1, 3.5],
			"to": [12.5, 31.5, 12.5],
			"rotation": {"angle": 0, "axis": "y", "origin": [7, 0, 7]},
			"faces": {
				"north": {"uv": [0, 0, 2.25, 8], "texture": "#1"},
				"east": {"uv": [2.25, 0, 4.5, 8], "texture": "#1"},
				"south": {"uv": [4.5, 0, 6.75, 8], "texture": "#1"},
				"west": {"uv": [6.75, 0, 9, 8], "texture": "#1"},
				"up": {"uv": [2.25, 10.25, 0, 8], "texture": "#1"},
				"down": {"uv": [4.5, 8, 2.25, 10.25], "texture": "#1"}
			}
		},
		{
			"from": [3, 0, 3],
			"to": [13, 32, 13],
			"faces": {
				"north": {"uv": [0, 0, 2.25, 8], "texture": "#2"},
				"east": {"uv": [2.25, 0, 4.5, 8], "texture": "#2"},
				"south": {"uv": [4.5, 0, 6.75, 8], "texture": "#2"},
				"west": {"uv": [6.75, 0, 9, 8], "texture": "#2"},
				"up": {"uv": [0, 8, 2.25, 10.25], "texture": "#2"},
				"down": {"uv": [2.25, 8, 4.5, 10.25], "texture": "#2"}
			}
		}
	],
	"display": {
		"head": {
			"translation": [0, -42, 0],
			"scale": [2, 2, 2]
		}
	}
}