{
	"credit": "Made with Blockbench",
	"texture_size": [32, 32],
	"textures": {
		"0": "item/bosses_warden_right_arm",
		"particle": "item/bosses_warden_right_arm"
	},
	"elements": [
		{
			"from": [7, 0.5, 7],
			"to": [9, 21.5, 9],
			"rotation": {"angle": 0, "axis": "y", "origin": [7, 0.5, 7]},
			"faces": {
				"north": {"uv": [0, 0, 1, 10.5], "texture": "#0"},
				"east": {"uv": [1, 0, 2, 10.5], "texture": "#0"},
				"south": {"uv": [2, 0, 3, 10.5], "texture": "#0"},
				"west": {"uv": [3, 0, 4, 10.5], "texture": "#0"},
				"up": {"uv": [5, 1, 4, 0], "texture": "#0"},
				"down": {"uv": [5, 1, 4, 2], "texture": "#0"}
			}
		}
	],
	"display": {
		"head": {
			"translation": [0, -8.75, 0]
		}
	}
}