{
	"credit": "Made with Blockbench",
	"textures": {
		"1": "item/connector_red",
		"particle": "item/connector_red"
	},
	"elements": [
		{
			"from": [-10, 6, -3],
			"to": [8, 10, -3],
			"rotation": {"angle": 0, "axis": "z", "origin": [8, 8, -3]},
			"faces": {
				"north": {"uv": [0, 0, 16, 16], "rotation": 270, "texture": "#1"},
				"east": {"uv": [0, 0, 16, 1], "rotation": 90, "texture": "#1"},
				"south": {"uv": [0, 0, 16, 16], "rotation": 90, "texture": "#1"},
				"west": {"uv": [0, 15, 16, 16], "rotation": 90, "texture": "#1"},
				"up": {"uv": [15, 0, 16, 16], "rotation": 90, "texture": "#1"},
				"down": {"uv": [0, 0, 1, 16], "rotation": 90, "texture": "#1"}
			}
		},
		{
			"from": [8, 6, -3],
			"to": [26, 10, -3],
			"rotation": {"angle": 0, "axis": "z", "origin": [8, 8, -3]},
			"faces": {
				"north": {"uv": [0, 0, 16, 16], "rotation": 90, "texture": "#1"},
				"east": {"uv": [0, 15, 16, 16], "rotation": 270, "texture": "#1"},
				"south": {"uv": [0, 0, 16, 16], "rotation": 270, "texture": "#1"},
				"west": {"uv": [0, 0, 16, 1], "rotation": 270, "texture": "#1"},
				"up": {"uv": [0, 0, 1, 16], "rotation": 270, "texture": "#1"},
				"down": {"uv": [15, 0, 16, 16], "rotation": 270, "texture": "#1"}
			}
		}
	],
	"gui_light": "front"
}