{
	"credit": "Made with Blockbench",
	"textures": {
		"0": "item/connector_blocker",
		"1": "item/gray",
		"2": "item/connector_gray",
		"particle": "item/connector_gray"
	},
	"elements": [
		{
			"from": [-1, 1, -16],
			"to": [17, 19, -14],
			"rotation": {"angle": 0, "axis": "y", "origin": [-9, 1, -16]},
			"faces": {
				"north": {"uv": [0, 0, 16, 16], "texture": "#0"},
				"east": {"uv": [0, 0, 2, 16], "texture": "#0"},
				"south": {"uv": [0, 0, 16, 16], "texture": "#0"},
				"west": {"uv": [0, 0, 2, 16], "texture": "#0"},
				"up": {"uv": [0, 0, 16, 0], "texture": "#0"},
				"down": {"uv": [0, 14, 16, 16], "texture": "#0"}
			}
		},
		{
			"from": [-1, 1, 9],
			"to": [17, 19, 11],
			"rotation": {"angle": 0, "axis": "y", "origin": [-9, 1, 9]},
			"faces": {
				"north": {"uv": [0, 0, 16, 16], "texture": "#1"},
				"east": {"uv": [0, 0, 2, 16], "texture": "#1"},
				"south": {"uv": [0, 0, 16, 16], "texture": "#1"},
				"west": {"uv": [0, 0, 2, 16], "texture": "#1"},
				"up": {"uv": [0, 0, 16, 0], "texture": "#1"},
				"down": {"uv": [0, 14, 16, 16], "texture": "#1"}
			}
		},
		{
			"from": [8, 6, 8],
			"to": [26, 10, 8],
			"rotation": {"angle": 0, "axis": "z", "origin": [8, 8, -3]},
			"faces": {
				"north": {"uv": [0, 0, 16, 16], "rotation": 90, "texture": "#2"},
				"east": {"uv": [0, 15, 16, 16], "rotation": 270, "texture": "#2"},
				"south": {"uv": [0, 0, 16, 16], "rotation": 270, "texture": "#2"},
				"west": {"uv": [0, 0, 16, 1], "rotation": 270, "texture": "#2"},
				"up": {"uv": [0, 0, 1, 16], "rotation": 270, "texture": "#2"},
				"down": {"uv": [15, 0, 16, 16], "rotation": 270, "texture": "#2"}
			}
		}
	],
	"gui_light": "front",
	"display": {
		"gui": {
			"rotation": [0, 180, 0],
			"translation": [0, 0, 2]
		}
	}
}